ID,TENANT_ID,BASIC_RENT,PROPERTY_TAX,REPAIR_CESS,MISC,CHEQUE_RETURN_CHARGE,CREATED_ON,UPDATED_ON,BASIC_RENTLASTUPDATEDATE,PROPERTY_MISCLASTUPDATEDATE,REPAIR_CESSLASTUPDATEDATE,MISC_TLASTUPDATEDATE,TENANT_CODE,IsFactorsUpdated,EffectiveFrom,FinancialYear,
5518E573-7F3D-4A36-AE30-0060121E940A,E617C50F-5CA3-4C04-BE88-71189309FEFA,1249,289,534,599,0,00:00.0,29:42.2,00:00.0,00:00.0,00:00.0,00:00.0,73,1,00:00.0,2025-2026,
9E206F96-8154-45AC-B41A-00A42A53D5B7,D7F0D298-DDB1-4379-9488-255314F9A686,1057,608,403,599,0,00:00.0,59:18.9,00:00.0,00:00.0,00:00.0,00:00.0,148,1,00:00.0,2025-2026,
9DB8CFFC-9F4B-410B-8670-00F74CDBD5E5,1F76BE46-5747-4BB3-ABA1-B70083A18C0B,1336,1085,720,599,0,00:00.0,57:00.4,00:00.0,00:00.0,00:00.0,00:00.0,262,1,00:00.0,2025-2026,
00392BCE-952F-44BD-93A5-0144A8D6C04C,801894CD-B0E9-4122-8C63-B6F65AFDA4A7,10644,1,1,599,0,19:09.3,36:08.9,00:00.0,NULL,NULL,00:00.0,0,1,00:00.0,2025-2026,
CADD2662-8327-4EDB-815D-01F79A43F691,70B0E9F7-7DED-4FA2-A733-308FB9425869,2822,1,1,1,0,58:24.2,59:04.3,00:00.0,NULL,NULL,00:00.0,0,1,00:00.0,2025-2026,
42D6941B-D541-4267-AA96-02497BE6A037,508342FC-D097-4C4D-AE9F-8BAC975F836A,2133,2803,519,599,0,00:00.0,54:31.7,00:00.0,00:00.0,00:00.0,00:00.0,265,1,00:00.0,2025-2026,
914EEB8A-0BFA-4C60-AA9E-0278775CA065,D0200CC2-0D40-42DD-9DA7-C181318BBCDB,1786,2655,542,599,0,00:00.0,56:38.5,00:00.0,00:00.0,00:00.0,00:00.0,263,1,00:00.0,2025-2026,
C0286CFC-88DA-4CBB-A871-030DF07EB7C5,FEB673E4-3A4F-45BB-9CD9-AB6B57D977B4,532,75,179,599,0,00:00.0,57:35.9,00:00.0,00:00.0,00:00.0,00:00.0,260,1,00:00.0,2025-2026,
A475C6BA-EA8C-4BF6-A82E-03A3AC766F23,383795D3-4C30-4EE5-8E23-23E33CEC3B7A,945,1083,198,599,0,00:00.0,05:00.8,00:00.0,00:00.0,00:00.0,00:00.0,204,1,00:00.0,2025-2026,
F4E5D8C0-E4A9-4D39-BD96-042BF4A84D7A,CB741910-3CF1-4698-8CAE-0C09E2BEBCAE,2522,1563,1030,599,0,00:00.0,31:46.1,00:00.0,00:00.0,00:00.0,00:00.0,76,1,00:00.0,2025-2026,
BCD02EB9-2A93-4D12-B760-04799F33612B,89F76D8F-F18E-4335-A08F-97746DD4835D,2503,1187,599,599,0,00:00.0,01:26.7,00:00.0,00:00.0,00:00.0,00:00.0,118,1,00:00.0,2025-2026,
F3062A12-02A1-4D0F-AC06-04AD98BB76DF,1DCBC80A-5909-49D1-B8A7-767D73FAFA8C,825,224,357,599,0,00:00.0,29:35.1,00:00.0,00:00.0,00:00.0,00:00.0,311,1,00:00.0,2025-2026,
2EB4F3A6-D610-4883-BAE0-04D9F8C3A523,FE95768B-39FC-48BC-9C30-7A000E7B3B5B,882,0,0,599,0,26:26.8,37:13.0,00:00.0,NULL,NULL,00:00.0,0,1,00:00.0,2025-2026,
DC00D9EE-1889-456E-A32B-050E85D7B8CC,057DB3BD-B64F-44E2-ABE4-AE5B565B77AF,703,180,403,599,0,00:00.0,20:01.6,00:00.0,00:00.0,00:00.0,00:00.0,95,1,00:00.0,2025-2026,
F0B64BC8-D3B8-47A9-917D-055F4E718424,8136699F-149A-4A46-9682-8EB116776CE4,3045,1280,1340,599,0,00:00.0,46:42.3,00:00.0,00:00.0,00:00.0,00:00.0,81,1,00:00.0,2025-2026,
6A6735FB-6B99-4983-9B11-07008A578B29,B0A7B49E-B344-4D68-AC26-9E6966D5B852,2173,619,410,599,0,00:00.0,02:47.4,00:00.0,00:00.0,00:00.0,00:00.0,154,1,00:00.0,2025-2026,
8E409AC3-84B4-4C5F-9D5D-07D43FCC8480,91E2ACDE-B3E3-4CDF-952D-23D7355C0B12,10643,0,0,599,0,08:58.5,NULL,00:00.0,NULL,NULL,00:00.0,0,1,00:00.0,2025-2026,
2C3847FF-07E4-454F-BAB2-087A04C4E726,47753C18-1FAF-4DA8-A29E-98BB0A083D9B,800,598,403,599,0,00:00.0,00:38.5,00:00.0,00:00.0,00:00.0,00:00.0,150,1,00:00.0,2025-2026,
EAFC7BEA-1348-45D2-9D6C-08FB6E2513EB,F7DC3395-38AA-44E7-9078-CDD6B7B1A56C,6410,1,1,599,0,24:27.3,NULL,00:00.0,NULL,NULL,00:00.0,0,1,00:00.0,2025-2026,
527CAF70-8B21-48B9-8B87-0B0AA1E1ABFD,377E9178-EE55-45AB-88AB-9C6E7BA7624D,1527,1255,829,599,0,00:00.0,49:49.1,00:00.0,00:00.0,00:00.0,00:00.0,241,1,00:00.0,2025-2026,
40513258-5F7B-4AC2-BEC0-0B833F762EB5,7876977B-5183-42F6-B963-BC289F914D4C,718,54,457,599,0,00:00.0,54:10.3,00:00.0,00:00.0,00:00.0,00:00.0,26,1,00:00.0,2025-2026,
E4E68CDF-A3A4-4344-93B9-0C9FC7082011,9D23F3D1-E14F-4684-A02A-7AAE0F9035B4,1368,1869,198,599,0,00:00.0,44:28.9,00:00.0,00:00.0,00:00.0,00:00.0,249,1,00:00.0,2025-2026,
4BB22DFA-B3E3-4331-93DE-0DCE3040852F,98BFB102-B8FB-4906-9974-DE7DB67CCA19,1659,1296,712,599,0,00:00.0,NULL,00:00.0,00:00.0,00:00.0,00:00.0,299,1,00:00.0,2025-2026,
5E7CCE8C-D7ED-47C8-A439-0DD1129418A7,93623CA9-B81D-494A-AC43-69E21DDE99F3,2143,0,0,599,0,27:26.9,12:52.8,00:00.0,NULL,NULL,00:00.0,0,1,00:00.0,2025-2026,
58FF7150-DD12-4822-8BC9-0E0040F47FDD,CC3F8BA3-71F2-4BB1-B7A8-DAAA1DFC309D,815,670,348,599,0,00:00.0,45:59.6,00:00.0,00:00.0,00:00.0,00:00.0,248,1,00:00.0,2025-2026,
50BC0AFC-C31F-4026-902F-0E9DEA9F3F4C,ECF69ED8-3346-43FB-997C-FD446CC1F26C,3528,0,0,599,0,33:41.1,06:19.1,00:00.0,NULL,NULL,00:00.0,0,1,00:00.0,2025-2026,
0DBE4F1D-82D9-4EF3-8DA7-0EB67AC7692D,C28F3ADB-6DF3-4058-9559-332AD5920627,3150,0,0,599,0,18:40.8,11:24.7,00:00.0,NULL,NULL,00:00.0,0,1,00:00.0,2025-2026,
4B1C4C20-649B-478A-BB22-0FF790F7EA20,BC03FF0E-B4CC-4A6E-BCB6-725272F7D03C,1491,1221,805,599,0,00:00.0,51:52.2,00:00.0,00:00.0,00:00.0,00:00.0,185,1,00:00.0,2025-2026,
9679D5A6-B7C9-471F-961F-10778DB50B83,E57F0B97-1238-4769-AE0B-9A3EFD414787,1260,0,0,599,0,17:45.1,37:29.1,00:00.0,NULL,NULL,00:00.0,0,1,00:00.0,2025-2026,
502BA474-0151-4B3B-8A27-1086C8E20BC8,67799C59-9CFC-4977-B34C-C5A27B31B5E8,1132,1029,573,599,0,00:00.0,16:43.7,00:00.0,00:00.0,00:00.0,00:00.0,117,1,00:00.0,2025-2026,
42409405-4C5C-448F-8D46-109096B9B8E2,53C76767-669C-4B5F-A20B-54D613A24E24,732,85,465,599,0,00:00.0,08:18.4,00:00.0,00:00.0,00:00.0,00:00.0,28,1,00:00.0,2025-2026,
FA9DB7D9-320F-4E8F-880F-1265FF25EF96,943EAF01-589E-4DC8-B1CE-8F49284C107B,3150,234,293,599,0,07:09.3,12:04.2,00:00.0,NULL,NULL,00:00.0,0,1,00:00.0,2025-2026,
657330DC-DE37-41A8-A61D-1344CF364377,8B2BEAFC-0002-424D-BF4E-C75D01A47D64,3667,234,293,599,0,10:31.6,NULL,00:00.0,NULL,NULL,00:00.0,0,1,00:00.0,2025-2026,
8DA61C40-7BCA-4BFF-B139-13B7A7D39444,27609EE2-6638-414B-B0CC-14724029BAE9,1713,1029,599,599,0,00:00.0,14:52.1,00:00.0,00:00.0,00:00.0,00:00.0,116,1,00:00.0,2025-2026,
3C98054E-F42A-417D-9707-14BF815C17B5,6D9DC189-CBDB-4194-8F60-4E6C3D5E5D7C,1272,746,496,599,0,00:00.0,54:49.7,00:00.0,00:00.0,00:00.0,00:00.0,140,1,00:00.0,2025-2026,
77E215C0-DAD8-4695-A61A-14F3664C60A5,3E7E9B55-95DB-4CFE-A976-CC5708FA3A84,1225,719,472,599,0,00:00.0,56:16.2,00:00.0,00:00.0,00:00.0,00:00.0,144,1,00:00.0,2025-2026,
129ED900-8219-4ECE-A3BC-15066E8CB196,93D1F15B-842B-4287-AD83-247A630CFB6A,2047,0,0,599,0,13:05.7,10:03.9,00:00.0,NULL,NULL,00:00.0,0,1,00:00.0,2025-2026,
B6B347F8-10F4-435F-BC36-1529C223D9DE,E1C90AFB-3798-4D36-A48D-9F06CDFC58E6,1890,0,0,599,0,36:23.1,NULL,00:00.0,NULL,NULL,00:00.0,0,1,00:00.0,2025-2026,
B6C14998-1ACB-4C9A-ADE8-1572DB6A6F78,3A397F2E-F4B5-424B-86CE-01DD3A48AD43,2222,1196,1413,599,0,00:00.0,01:03.2,00:00.0,00:00.0,00:00.0,00:00.0,310,1,00:00.0,2025-2026,
4C192664-58AB-4F55-A7FF-158F643F92BC,38C3C10D-8C78-41D4-BD49-C6249CAB2076,1011,387,612,599,0,00:00.0,51:59.3,00:00.0,00:00.0,00:00.0,00:00.0,85,1,00:00.0,2025-2026,
1C1263CE-1625-4C93-9935-15B478E3016D,08C3BE28-FA46-4127-AC2F-666BB45E64B1,1417,0,0,599,0,22:12.6,36:39.6,00:00.0,NULL,NULL,00:00.0,0,1,00:00.0,2025-2026,
1FC16792-F1FC-488D-80AC-17AE0436B0CC,31D206CB-9458-4087-A570-DE7F263316CD,788,916,604,599,0,00:00.0,52:30.3,00:00.0,00:00.0,00:00.0,00:00.0,234,1,00:00.0,2025-2026,
09A7B484-6922-4296-BFA9-17F65E626343,D4EF1932-F4F7-4CAF-A97F-996A29A4D2ED,718,49,457,599,0,00:00.0,NULL,00:00.0,00:00.0,00:00.0,00:00.0,27,1,00:00.0,2025-2026,
705B8FEC-2092-427B-8226-18203EFBF394,E9E34606-F943-4CD8-9A2B-6DD3C72EEBE6,338,108,139,599,0,00:00.0,NULL,00:00.0,00:00.0,00:00.0,00:00.0,280,1,00:00.0,2025-2026,
B7967F93-512D-45A7-9493-187487FA5EA3,7A143B61-8281-4BF4-ABCE-359802BE4332,2057,1245,829,599,0,00:00.0,58:21.3,00:00.0,00:00.0,00:00.0,00:00.0,192,1,00:00.0,2025-2026,
33A5EE93-9B58-4CDA-9330-18EEE4AD075E,0C7C4E4E-83D8-465B-A110-1DF2545DAFF3,729,290,248,599,0,00:00.0,54:53.5,00:00.0,00:00.0,00:00.0,00:00.0,34,1,00:00.0,2025-2026,
DD4998BE-FD55-49E4-8199-1A6A11169D61,8F927575-11A3-4535-B6BC-AD12178E4B1C,595,159,217,599,0,00:00.0,55:12.4,00:00.0,00:00.0,00:00.0,00:00.0,38,1,00:00.0,2025-2026,
6C586BF9-015E-465B-B4C1-1A6DB88ADB21,BF70F47D-EC0C-434A-8F9F-7C7D985D1D73,691,271,248,599,0,00:00.0,NULL,00:00.0,00:00.0,00:00.0,00:00.0,102,1,00:00.0,2025-2026,
7CC960CF-6702-40FE-8BE8-1A89FECCE328,45491FCD-6B5E-428B-BED6-F990638791C7,0,0,0,1501,0,08:02.0,NULL,00:00.0,NULL,NULL,00:00.0,0,1,00:00.0,2025-2026,
04B0A497-C4E2-4520-99CA-1ABFB401D72E,9A34393C-47ED-4423-9E05-B2DC7D96278F,658,49,302,599,0,00:00.0,06:41.6,00:00.0,00:00.0,00:00.0,00:00.0,105,1,00:00.0,2025-2026,
ED57B6AE-A2BF-40E4-9B08-1BBCEF4E7C2A,EA83D0E4-DF62-4BFC-807C-CB3DA4D1066F,984,518,360,599,0,00:00.0,NULL,00:00.0,00:00.0,00:00.0,00:00.0,341,1,00:00.0,2025-2026,
089D85C1-FD1F-4788-B9ED-1C862E330B84,B4DAC011-9092-42C9-98B9-68E76B2E03D0,10643,0,0,599,0,03:03.1,NULL,00:00.0,NULL,NULL,00:00.0,0,1,00:00.0,2025-2026,
B6807DE5-8CCD-4083-8186-1C86B071CB23,494A60B1-A05A-44C6-A741-1C52D29C350A,2772,0,0,599,0,14:51.2,23:18.1,00:00.0,NULL,NULL,00:00.0,0,1,00:00.0,2025-2026,
4363BC8C-D416-40BD-BBD0-1D01B25D63C9,260B58ED-F210-4F22-B1DB-5CE4D036D56E,1966,748,1278,599,0,00:00.0,33:48.4,00:00.0,00:00.0,00:00.0,00:00.0,77,1,00:00.0,2025-2026,
301EEEFE-A1BC-4967-A3F5-1D723FE4A415,15A0A64C-73B4-40F0-91A0-44238F858F8C,1758,2242,237,599,0,00:00.0,07:21.8,00:00.0,00:00.0,00:00.0,00:00.0,160,1,00:00.0,2025-2026,
9B8D89CF-BE40-455C-9990-1D75332767E0,8BE6E2AA-261D-445A-85E7-AF9E0C16879F,1030,596,395,599,0,00:00.0,13:10.7,00:00.0,00:00.0,00:00.0,00:00.0,127,1,00:00.0,2025-2026,
721021E3-234F-4531-B956-1E7762F09EF4,AC906E38-145C-4B25-BB29-696A7C9136C4,2822,1,1,1,0,04:35.7,58:31.6,00:00.0,NULL,NULL,00:00.0,0,1,00:00.0,2025-2026,
7FFA2D7A-F407-4EED-BC40-1E99BC567A86,12ACD334-F37A-4D84-8425-0C2E2E59EC36,3449,1565,1510,599,0,00:00.0,54:17.7,00:00.0,00:00.0,00:00.0,00:00.0,82,1,00:00.0,2025-2026,
D5C98E2A-B141-4A9D-8DEE-1EF63EDAD0A1,40AB16E3-FBF1-4176-AE6A-CBA9D8F2D8E6,1073,619,410,599,0,00:00.0,12:22.5,00:00.0,00:00.0,00:00.0,00:00.0,126,1,00:00.0,2025-2026,
58AB120E-1EA8-4049-99B6-1FC9298F8924,E3B98A99-7283-40A1-B93E-D95E114D5AAA,936,387,348,599,0,00:00.0,NULL,00:00.0,00:00.0,00:00.0,00:00.0,93,1,00:00.0,2025-2026,
62AD0A0E-4ADF-4346-B6BA-1FD8E7E91004,604E1457-D016-4558-97B2-38EEE07E1769,2646,0,0,599,0,50:55.2,NULL,00:00.0,NULL,NULL,00:00.0,0,1,00:00.0,2025-2026,
B9470276-824F-4694-A898-20032F37A20E,94FC61DA-6A57-469C-9FA6-F714FD94ED67,1582,950,627,599,0,00:00.0,59:54.8,00:00.0,00:00.0,00:00.0,00:00.0,193,1,00:00.0,2025-2026,
0A5CF228-6C78-47C2-8D29-211A9BAD69B6,76095620-D34B-4BC2-B310-4363D72F1450,1641,1357,898,599,0,00:00.0,57:44.6,00:00.0,00:00.0,00:00.0,00:00.0,189,1,00:00.0,2025-2026,
A5885ADD-C023-452B-9572-21572304F310,D66B0262-DD70-4349-8FB8-C59B4F738AC3,4158,0,0,599,0,59:47.0,39:21.3,00:00.0,NULL,NULL,00:00.0,0,1,00:00.0,2025-2026,
2388290C-9B0A-4573-81B4-21691697F7DD,ACEAFD69-4BED-41E8-A78E-A28B6C0E2D9A,2822,1,1,1,0,03:24.8,59:27.3,00:00.0,NULL,NULL,00:00.0,0,1,00:00.0,2025-2026,
69C634FA-C2C7-40C5-AF13-223158374270,10B968E7-303D-40EC-8949-29CDBA95AFF4,1877,116,213,599,0,00:00.0,08:14.2,00:00.0,00:00.0,00:00.0,00:00.0,321,1,00:00.0,2025-2026,
294DCEA5-5E2C-44E1-967E-2310E661AF4E,68A73A96-EF6F-4DCF-A887-69B3BB9DFDD6,1881,916,604,599,0,00:00.0,58:57.0,00:00.0,00:00.0,00:00.0,00:00.0,209,1,00:00.0,2025-2026,
5DEBAE61-74BF-4044-8F0D-2379FA7C6D9E,BFA40CC9-2B9F-4E77-8E78-9D6F4802EA4B,1456,1187,790,599,0,00:00.0,58:37.4,00:00.0,00:00.0,00:00.0,00:00.0,230,1,00:00.0,2025-2026,
CB1EECF2-72B3-427D-BA50-23B254C05213,906F1D09-E626-4146-88E3-3E9A2573E6AD,1985,271,341,599,0,06:05.7,NULL,00:00.0,NULL,NULL,00:00.0,0,1,00:00.0,2025-2026,
CB9C8892-19C1-4E32-9982-23D21CF5986B,20195576-025C-4828-85C8-A094CF5604A4,1635,916,604,599,0,00:00.0,58:40.3,00:00.0,00:00.0,00:00.0,00:00.0,191,1,00:00.0,2025-2026,
E9EA6596-E44A-469F-B0C0-24997C104282,6B06784B-7555-4E92-8DD2-168494020CD4,1321,782,519,599,0,00:00.0,54:04.2,00:00.0,00:00.0,00:00.0,00:00.0,137,1,00:00.0,2025-2026,
F7B132CB-5647-44FF-AD6B-2531F0DB9F60,F3666084-6732-47B2-93D6-35D9644F6541,9450,0,0,599,0,07:53.7,00:57.9,00:00.0,NULL,NULL,00:00.0,0,1,00:00.0,2025-2026,
15ED7C7D-2A33-4796-94ED-25EB979BFD00,0C9C0C07-391A-487C-9098-99F318F530F6,913,509,341,599,0,00:00.0,59:24.1,00:00.0,00:00.0,00:00.0,00:00.0,194,1,00:00.0,2025-2026,
07A275D4-BD8C-4A4E-B9B8-2789765913F2,D60C0921-0DE6-4BC8-8AB1-EE670575273A,913,509,341,599,0,00:00.0,22:20.5,00:00.0,00:00.0,00:00.0,00:00.0,134,1,00:00.0,2025-2026,
85035260-344C-4A14-BD22-27E1AA4B35E3,48BF3F34-CC02-4388-8FBD-954D0B62AAF6,1552,1943,542,599,0,00:00.0,NULL,00:00.0,00:00.0,00:00.0,00:00.0,165,1,00:00.0,2025-2026,
19E156FD-F0F4-484A-9BBB-283F18A44FC9,7A39E86A-9098-4BB7-A2A2-FDF23557C1EA,2611,3109,689,599,0,00:00.0,NULL,00:00.0,00:00.0,00:00.0,00:00.0,175,1,00:00.0,2025-2026,
20096F10-1DD9-4CC2-9701-292850C3CBAB,AB2BFB83-C11E-4277-B468-EB9027B3B18A,1605,1323,875,599,0,00:00.0,37:55.5,00:00.0,00:00.0,00:00.0,00:00.0,278,1,00:00.0,2025-2026,
864D0B87-CF9A-4A70-8D7F-2986FC6B1CF7,062EE4F8-D6F2-4DF9-9145-31747C0EB31A,1249,289,534,599,0,00:00.0,27:42.4,00:00.0,00:00.0,00:00.0,00:00.0,68,1,00:00.0,2025-2026,
CA8C4242-680C-44FD-9524-2A216E1C25BB,E99F9C52-A3E4-4EAE-8D92-A38CEF71D079,1950,271,248,599,0,07:42.3,NULL,00:00.0,NULL,NULL,00:00.0,0,1,00:00.0,2025-2026,
B01E4782-2DC0-48F6-9380-2A9C41861F07,B470EB2F-6872-48F5-9AE4-27465111A4BA,2528,0,0,599,0,09:35.5,NULL,00:00.0,NULL,NULL,00:00.0,0,1,00:00.0,2025-2026,
04B53603-3BE9-434A-8A70-2AED93551A50,911B04CE-D21E-442C-8EE3-6CA723E9907C,1703,190,248,599,0,00:00.0,28:28.1,00:00.0,00:00.0,00:00.0,00:00.0,340,1,00:00.0,2025-2026,
9D4DA356-7697-4BBF-9A89-2B1E46E40FFA,452FC154-3059-4861-8868-0825DD920BE2,546,0,0,599,0,23:23.5,59:13.8,00:00.0,NULL,NULL,00:00.0,0,1,00:00.0,2025-2026,
C00DBB82-0F6A-4720-85D9-2BAD179BF439,EC00FC5E-5D32-42CF-B60C-DFAFB121A4CA,487,331,217,599,0,50:15.2,10:26.3,00:00.0,NULL,NULL,00:00.0,0,1,00:00.0,2025-2026,
2711CE34-6812-49A7-8F3F-2BC42B5D3033,707A8B97-BC97-49B2-881E-3910FD574CBF,1883,2491,249,599,0,00:00.0,10:10.2,00:00.0,00:00.0,00:00.0,00:00.0,122,1,00:00.0,2025-2026,
26E3CD3F-A9C8-4D7A-A63D-2BC79B116BC7,042B3C43-238F-4CF4-AA74-1F2644EC85D5,1209,708,465,599,0,00:00.0,14:58.9,00:00.0,00:00.0,00:00.0,00:00.0,132,1,00:00.0,2025-2026,
7426D076-EC7B-492E-ACCA-2CE6E5FF033B,E3D2D7CC-4DE9-43E3-B214-5D33AE633654,1015,583,387,599,0,00:00.0,06:00.7,00:00.0,00:00.0,00:00.0,00:00.0,158,1,00:00.0,2025-2026,
56BBEF28-0BB0-41AE-AC6D-2CFD0B666083,1A06126B-73A4-4BE6-A247-F6E2E447FF2A,2646,0,0,599,0,13:34.6,11:49.9,00:00.0,NULL,NULL,00:00.0,0,1,00:00.0,2025-2026,
F32FA223-5352-4854-8BA0-2D4A517791F6,0D5800C7-29F3-437E-844C-D0F374E7C483,3667,234,293,599,0,39:31.7,NULL,00:00.0,NULL,NULL,00:00.0,0,1,00:00.0,2025-2026,
2C8DD854-8BAF-4F62-A48B-2D4C6CC8C879,76667F21-0808-4A22-8AD8-97CF10DBFA2D,1877,116,213,599,0,00:00.0,06:04.0,00:00.0,00:00.0,00:00.0,00:00.0,323,1,00:00.0,2025-2026,
408D43F9-ECD1-478A-9BF6-2DBEE55B1556,349E461D-C4EA-4946-A3CF-4C00E4BFB116,4536,0,0,599,0,09:03.1,43:40.1,00:00.0,NULL,NULL,00:00.0,0,1,00:00.0,2025-2026,
921D6BC2-BE1B-462C-A7A7-2E0E8CEA7B1A,CCD8E7D5-3643-4713-ACC9-A17C5889AE11,679,102,241,599,0,00:00.0,21:31.3,00:00.0,00:00.0,00:00.0,00:00.0,274,1,00:00.0,2025-2026,
DED60CB5-F728-4F84-8B28-2E8814284B04,CE504CF8-F8DE-4015-9DDC-B91082C10757,2475,1526,627,599,0,00:00.0,03:55.5,00:00.0,00:00.0,00:00.0,00:00.0,201,1,00:00.0,2025-2026,
78D79375-11CD-43C8-AFB3-3080E66E39C8,4AFC1318-D5D5-467A-8F1E-C86AC9B7ECB6,1249,289,534,599,0,00:00.0,20:31.6,00:00.0,00:00.0,00:00.0,00:00.0,75,1,00:00.0,2025-2026,
84350463-1FB8-4D08-ABE3-309D40D43FC2,E711E232-573E-497D-9565-D23C96F9E8DA,1030,1622,244,599,0,00:00.0,55:17.8,00:00.0,00:00.0,00:00.0,00:00.0,113,1,00:00.0,2025-2026,
E5649F8A-325C-4CA7-BE9C-30AF84F6A415,8B341914-4DAC-46FA-B151-E2F3F111F319,3587,0,0,599,0,12:29.8,NULL,00:00.0,NULL,NULL,00:00.0,0,1,00:00.0,2025-2026,
E3CEF274-3CEB-4D95-8093-30F6073C359D,8506C776-DCBD-4D73-AC26-E1701676D498,1272,745,496,599,0,00:00.0,14:06.5,00:00.0,00:00.0,00:00.0,00:00.0,129,1,00:00.0,2025-2026,
CEBF9A80-5FEE-4AC9-911D-313581F664E9,51A8A594-86B0-4C5D-A4C2-A40DFD1B19BB,1828,1249,829,599,0,00:00.0,34:17.7,00:00.0,00:00.0,00:00.0,00:00.0,78,1,00:00.0,2025-2026,
11031E01-05D6-4833-9243-3157860CFA64,ABA22019-5F2A-4A91-AD16-8899D46F288E,1034,289,426,599,0,00:00.0,07:53.2,00:00.0,00:00.0,00:00.0,00:00.0,63,1,00:00.0,2025-2026,
15950964-B989-4C70-AF4B-32640AD3FEEA,C027D0ED-C078-4860-A157-BE5BBC06BA90,2719,49,117,599,0,00:00.0,58:10.8,00:00.0,00:00.0,00:00.0,00:00.0,229,1,00:00.0,2025-2026,
87E6E4B8-7863-4566-A3D3-334DF626D62C,4EBA3017-9596-4901-869D-DD12D53074A1,3588,1,1,599,0,25:02.2,28:56.9,00:00.0,NULL,NULL,00:00.0,0,1,00:00.0,2025-2026,
B2293650-91D3-4B0E-80F1-34A26231FB4C,9C592506-ABAF-425A-B45F-8940141BE2BE,783,618,256,599,0,00:00.0,11:44.8,00:00.0,00:00.0,00:00.0,00:00.0,283,1,00:00.0,2025-2026,
30F5A33C-1219-43D4-90D7-34A50753F239,47398BC8-C096-427D-82F2-F04F9F19C5CB,4998,0,0,599,0,34:05.8,NULL,00:00.0,NULL,NULL,00:00.0,0,1,00:00.0,2025-2026,
86C4A2F5-4E0C-4266-9958-34D424006073,22DA7CDE-2511-488B-AFC9-56BD602B85E6,5901,3572,2509,599,0,00:00.0,30:12.2,00:00.0,00:00.0,00:00.0,00:00.0,29,1,00:00.0,2025-2026,
39483104-BD89-4F36-84B3-361AE15C983D,A0B8C11C-6732-4FDC-A018-F3DF359CA7E6,829,116,213,599,0,00:00.0,30:35.0,00:00.0,00:00.0,00:00.0,00:00.0,325,1,00:00.0,2025-2026,
FC4B4999-182F-47FF-BD85-366D9F9B2EEA,EEB687EF-A186-4916-8591-3512DEFC43D6,923,712,472,599,0,00:00.0,58:03.4,00:00.0,00:00.0,00:00.0,00:00.0,207,1,00:00.0,2025-2026,
CB21E5D6-8736-4B1C-807C-36F41094333A,4B9573BC-36DF-4C3E-94E0-21E0E272DA5F,679,102,241,599,0,00:00.0,21:53.0,00:00.0,00:00.0,00:00.0,00:00.0,273,1,00:00.0,2025-2026,
9A0210C1-6110-4E0D-9EE9-3707C7EC79F0,B578B845-F194-4F79-B460-78C34F97B0D2,2772,0,0,599,0,42:40.8,11:27.6,00:00.0,NULL,NULL,00:00.0,0,1,00:00.0,2025-2026,
2AC57110-722F-48AE-A1F1-37D5C398C7A3,6240180E-4B9D-4E43-B102-AFA2D964847B,1877,116,213,599,0,00:00.0,27:21.4,00:00.0,00:00.0,00:00.0,00:00.0,327,1,00:00.0,2025-2026,
DE701859-7BA8-44E9-B7F6-385BC086F8D5,E3E0F511-9991-43F9-B1A8-E3342C1686C1,599,87,357,599,0,00:00.0,59:19.5,00:00.0,00:00.0,00:00.0,00:00.0,306,1,00:00.0,2025-2026,
65798771-5312-4C7A-8808-392D22BD7384,B2C6B6D5-8B1D-4C20-B377-88B4A6D6D496,5670,0,0,599,0,16:20.2,NULL,00:00.0,NULL,NULL,00:00.0,0,1,00:00.0,2025-2026,
D36C8495-2178-4A74-9513-397A2594C499,EF59149D-4C31-4E09-8363-E9684D4F26FF,2217,1366,906,599,0,12:36.8,11:09.9,00:00.0,NULL,NULL,00:00.0,0,1,00:00.0,2025-2026,
CE9D72C6-9D5C-4549-8FD7-39D284D420A4,BA3EF417-D8E7-4138-8D22-A675691B0C76,1336,1085,720,599,0,00:00.0,16:42.9,00:00.0,00:00.0,00:00.0,00:00.0,178,1,00:00.0,2025-2026,
CED5B359-573C-4FE5-B93E-3B1EF255B7B2,317BD872-CEDA-4BB2-A31F-8BD256E09766,1321,782,519,599,0,00:00.0,23:52.7,00:00.0,00:00.0,00:00.0,00:00.0,135,1,00:00.0,2025-2026,
27863111-52A0-41DD-A332-3B7CF92B610A,1980E884-920A-4984-9CB8-25AF91C7FD14,2422,4156,418,599,0,00:00.0,44:59.9,00:00.0,00:00.0,00:00.0,00:00.0,297,1,00:00.0,2025-2026,
10490274-EEFB-49C0-9072-3B90417D2413,A0FFDEE8-CE6D-470A-9726-4340517BF5CE,753,243,356,599,0,00:00.0,NULL,00:00.0,00:00.0,00:00.0,00:00.0,219,1,00:00.0,2025-2026,
A8561DDB-149B-4019-B277-3C43EA56A0B4,FBFABB6B-14A6-44F8-8808-14299AD2AA55,961,453,403,599,0,00:00.0,21:49.0,00:00.0,00:00.0,00:00.0,00:00.0,88,1,00:00.0,2025-2026,
F2EFACB2-4094-44AA-9B93-3D9BEF8409DA,AE05B6B1-E01E-43C7-8541-4CF297808F6F,1634,326,287,599,0,00:00.0,33:19.1,00:00.0,00:00.0,00:00.0,00:00.0,304,1,00:00.0,2025-2026,
D64BA113-FC9C-44B5-9BF7-3DD0D60B2787,09ECE9E6-6CEA-4109-9D3E-F3BEC251955D,1122,327,681,599,0,00:00.0,NULL,00:00.0,00:00.0,00:00.0,00:00.0,114,1,00:00.0,2025-2026,
444546F4-FC3B-4B6A-813E-3E5F2C1CA454,E9445B99-3015-4B81-B196-866932ABA74F,487,236,217,599,0,37:59.1,45:01.3,00:00.0,NULL,NULL,00:00.0,0,1,00:00.0,2025-2026,
D5C69FCE-A3E0-45EB-A9F7-3F5BD0186897,A45C782C-F435-48DA-89AE-4513604DD302,1239,814,542,599,0,00:00.0,56:29.3,00:00.0,00:00.0,00:00.0,00:00.0,292,1,00:00.0,2025-2026,
1D8D5DA9-083D-4AC7-8EE9-3FA99742C33D,6663FDED-4277-47E8-90C9-34A5294506AB,532,75,179,599,0,00:00.0,37:36.9,00:00.0,00:00.0,00:00.0,00:00.0,259,1,00:00.0,2025-2026,
D0CD4FF7-ED38-4C3A-929B-3FBD2B8F5F76,E7E92156-10CE-4FC7-A035-FDDFFBC07526,5985,0,0,599,0,51:00.4,NULL,00:00.0,NULL,NULL,00:00.0,0,1,00:00.0,2025-2026,
215A8A31-B397-410A-BB97-406405C85BC3,0510A15B-E068-498F-82FB-B4B56C769EE7,1302,289,426,599,0,00:00.0,56:58.4,00:00.0,00:00.0,00:00.0,00:00.0,59,1,00:00.0,2025-2026,
C2906367-2F0E-4908-9159-407EBAA16793,B129655C-FD9F-40E4-9993-00F1C1694579,742,458,302,599,0,00:00.0,01:04.0,00:00.0,00:00.0,00:00.0,00:00.0,301,1,00:00.0,2025-2026,
0A2F1D60-732F-4BD0-AE85-409CD69B28E4,65227C3C-1124-4F3A-BE36-86E9B20FF81B,578,75,202,599,0,00:00.0,55:59.1,00:00.0,00:00.0,00:00.0,00:00.0,268,1,00:00.0,2025-2026,
C12BF682-F460-4FBA-BF19-41780FC48E38,F8CB8F95-619D-49F1-8820-D18A69F1852F,764,64,325,599,0,00:00.0,44:20.5,00:00.0,00:00.0,00:00.0,00:00.0,12,1,00:00.0,2025-2026,
7C525013-FB8E-4A2C-8912-4210B3849B83,3614E850-6B22-4DBC-BBDC-198CECEDF1F5,1877,116,213,599,0,00:00.0,04:27.2,00:00.0,00:00.0,00:00.0,00:00.0,315,1,00:00.0,2025-2026,
C7B000E3-4314-4708-A579-42126B54978C,43D26FDB-23EA-4227-8E49-B96AC59E75A2,5797,0,0,599,0,56:32.3,46:01.6,00:00.0,NULL,NULL,00:00.0,0,1,00:00.0,2025-2026,
F2F21908-A7F8-498C-A50E-4215D1CCF4D6,1DE730DF-949D-4CE2-B3F5-786FB4FA5502,2084,1341,774,599,0,00:00.0,10:52.5,00:00.0,00:00.0,00:00.0,00:00.0,166,1,00:00.0,2025-2026,
B3D77630-1BB4-423E-85D2-42490E3AB303,67B6EC4B-9D7E-4F69-AB4B-81ED459C53BC,2646,0,0,599,0,51:32.2,10:30.4,00:00.0,NULL,NULL,00:00.0,0,1,00:00.0,2025-2026,
2401BE56-104C-4D49-BDE9-43C1FF018DC0,0D72E715-C02C-404C-9324-EE842733298B,1370,2011,403,599,0,00:00.0,59:52.4,00:00.0,00:00.0,00:00.0,00:00.0,152,1,00:00.0,2025-2026,
2D930FDC-1612-46D6-90F3-43C8C4A77D6B,14AE5195-02FD-4E0A-BE0D-F2A10F630FB8,5123,3763,1369,599,0,00:00.0,34:36.8,00:00.0,00:00.0,00:00.0,00:00.0,6,1,00:00.0,2025-2026,
DB0BDE91-8455-465B-A878-44A82B920BD9,915AA8DE-1628-4BB6-A6BE-78157379B3A5,2772,0,0,599,0,04:03.1,14:43.7,00:00.0,NULL,NULL,00:00.0,0,1,00:00.0,2025-2026,
2774C324-3709-44C5-91E8-44BFF3DE7AF6,223A6E00-D828-469E-9836-CC66473914DF,1706,1032,681,599,0,58:48.0,07:15.5,00:00.0,NULL,NULL,00:00.0,0,1,00:00.0,2025-2026,
0459FD23-E3FD-4E7B-A63B-4555646264A0,53546231-26C2-4A11-A48B-05AA199A04EE,1034,289,426,599,0,00:00.0,55:54.0,00:00.0,00:00.0,00:00.0,00:00.0,53,1,00:00.0,2025-2026,
D703DF7F-FEF8-47EA-B608-4641FB064A2E,7130395E-5291-4C61-B833-FB169B4748E6,1805,1296,627,599,0,00:00.0,NULL,00:00.0,00:00.0,00:00.0,00:00.0,176,1,00:00.0,2025-2026,
40D77BAD-A941-481B-B276-47A5B1A6AB86,07DE0D84-9481-429E-90AD-AD0703E4FF2D,1736,1052,697,599,0,00:00.0,59:54.1,00:00.0,00:00.0,00:00.0,00:00.0,211,1,00:00.0,2025-2026,
409600F2-7B3E-447F-B235-47DFA8897E19,FC668B90-24F1-49E9-B571-9C8F7709969A,1799,1609,573,599,0,00:00.0,02:08.3,00:00.0,00:00.0,00:00.0,00:00.0,119,1,00:00.0,2025-2026,
C33466F0-7337-4059-9E0E-493A8B27FC95,C3708415-358B-4849-99DB-42243A942FF5,1984,0,0,599,0,02:00.1,34:30.5,00:00.0,NULL,NULL,00:00.0,0,1,00:00.0,2025-2026,
292EAD17-F2BB-4A8E-A7E7-4975C7B0B5EE,163ACE12-22B5-4733-B98C-1D4441247CCE,5090,2622,1735,599,0,00:00.0,17:36.5,00:00.0,00:00.0,00:00.0,00:00.0,19,1,00:00.0,2025-2026,
AC7ACB61-7738-4B2E-AC14-498CB49EBB54,5B3FEF7E-465B-4C7A-9A9F-CA7411689827,1706,737,681,599,0,00:00.0,54:04.7,00:00.0,00:00.0,00:00.0,00:00.0,115,1,00:00.0,2025-2026,
2E59E66C-99FF-4150-B10D-49AB16562C09,ABAB8D58-4192-4FC3-926F-DECF2E028A4E,628,509,287,599,0,00:00.0,07:52.6,00:00.0,00:00.0,00:00.0,00:00.0,167,1,00:00.0,2025-2026,
6105ABFE-CF52-414D-A715-4A031D4B2DDF,1B4BD0D1-A377-445C-B1E8-00EFD2B1BF55,805,402,348,599,0,00:00.0,56:22.3,00:00.0,00:00.0,00:00.0,00:00.0,109,1,00:00.0,2025-2026,
626DADC7-492C-4929-AE38-4A03E91E8B07,9E5F1F6C-9D23-4041-8140-B38330D699C4,3150,0,0,599,0,20:40.8,11:42.6,00:00.0,NULL,NULL,00:00.0,0,1,00:00.0,2025-2026,
4AC3603A-775B-4642-8016-4A1B81D42D77,4D719F99-08D1-4964-8C85-642A68B09274,2222,1196,1413,599,0,00:00.0,58:28.2,00:00.0,00:00.0,00:00.0,00:00.0,309,1,00:00.0,2025-2026,
A155D2E0-3E47-44FF-8978-4B65A7189D5E,26EFCDFA-A066-4B52-AEB4-A5F2EB304D03,601,130,232,599,0,00:00.0,52:47.6,00:00.0,00:00.0,00:00.0,00:00.0,62,1,00:00.0,2025-2026,
87AD73B3-D4AE-4B12-8B04-4BDE46E3B150,F2C597F3-788E-4159-85CA-41878EF630FD,2063,1520,1007,599,0,00:00.0,52:10.0,00:00.0,00:00.0,00:00.0,00:00.0,48,1,00:00.0,2025-2026,
E13D59E2-519B-43C3-BEC6-4C8E49E0E70B,1515FEE1-1EB3-4C88-8333-F669FDB8D2CF,748,221,372,599,0,00:00.0,26:08.4,00:00.0,00:00.0,00:00.0,00:00.0,266,1,00:00.0,2025-2026,
3ADEB8BF-6D93-48A1-9C38-4C93F9FA94D5,C2D43DF8-8BCC-4108-8DD7-9D8598A8792F,2372,3084,589,599,0,00:00.0,16:25.0,00:00.0,00:00.0,00:00.0,00:00.0,239,1,00:00.0,2025-2026,
86F128D0-ED5E-4D32-9ACD-4D091AD4FC04,57C16D9B-E572-427D-AA4C-8A620CF4058E,1034,289,426,599,0,00:00.0,05:47.0,00:00.0,00:00.0,00:00.0,00:00.0,54,1,00:00.0,2025-2026,
62E8D96A-DFFD-4418-851E-4E6F5E459EE2,E198652E-2068-43CE-9A82-F1C0F9411BB2,4985,2631,2083,599,0,00:00.0,56:38.5,00:00.0,00:00.0,00:00.0,00:00.0,10,1,00:00.0,2025-2026,
7DFA990B-51C1-4B47-8931-4F3CBAC5B61B,368A31EF-6E04-4244-9F87-3EC7B48C151B,432,57,136,599,0,00:00.0,27:42.7,00:00.0,00:00.0,00:00.0,00:00.0,221,1,00:00.0,2025-2026,
C3276782-89BA-4135-8E8F-4FB9FDC3DCDC,DF64FB6D-83BF-49AE-A244-001FFD87F9BE,1808,1358,898,599,0,00:00.0,48:53.2,00:00.0,00:00.0,00:00.0,00:00.0,46,1,00:00.0,2025-2026,
CC6FC249-4C6A-4F5F-A4D5-4FDE0CAB42E4,95C53034-F347-4906-8EFA-64834BA8A1A4,1026,287,426,599,0,00:00.0,58:43.3,00:00.0,00:00.0,00:00.0,00:00.0,92,1,00:00.0,2025-2026,
C353ECB1-360C-403A-8585-50B1CE1010E3,925CB0BC-B681-4978-AAD5-D64F3B7E21CE,914,83,365,599,0,00:00.0,06:48.7,00:00.0,00:00.0,00:00.0,00:00.0,180,1,00:00.0,2025-2026,
BB0C17A0-6555-4337-8812-518D19531D8C,C96FEE7C-24BC-4E01-957B-B1FA44C13707,826,509,341,599,0,00:00.0,57:43.1,00:00.0,00:00.0,00:00.0,00:00.0,227,1,00:00.0,2025-2026,
52D4BBF7-8241-46EB-8FC5-519F554307F5,842D2979-7B1D-4EC3-A11B-C5F5CFB7AF08,913,509,340,599,0,00:00.0,23:27.6,00:00.0,00:00.0,00:00.0,00:00.0,136,1,00:00.0,2025-2026,
C2588BB9-F1C3-441F-9E87-51FE926D5AC5,73031B27-9FB6-44FD-8853-21BD7378EA33,1456,1187,790,599,0,00:00.0,30:15.6,00:00.0,00:00.0,00:00.0,00:00.0,226,1,00:00.0,2025-2026,
0A599758-91F3-4169-9157-524169041A0C,E0B4179E-1CB7-4D96-BEDD-C504A375ADD9,1494,32,627,599,0,00:00.0,45:24.1,00:00.0,00:00.0,00:00.0,00:00.0,35,1,00:00.0,2025-2026,
0A0119F4-A0E5-4C68-BD98-52D74149FFDF,E5A61898-8081-41CD-8D54-EE637C2019F3,4411,2469,1634,599,0,00:00.0,43:53.4,00:00.0,00:00.0,00:00.0,00:00.0,3,1,00:00.0,2025-2026,
0DC25473-0846-48BC-A1C7-53392B9D590A,26CE6F37-3833-4770-8200-AB9628737E15,5123,3763,1369,599,0,00:00.0,39:40.3,00:00.0,00:00.0,00:00.0,00:00.0,2,1,00:00.0,2025-2026,
689ADF9E-55CB-4C68-AE5B-53A42BEE43B0,9C2A2ADE-57F9-4C32-BBAD-3FD774646EF4,1544,1869,581,599,0,00:00.0,57:38.6,00:00.0,00:00.0,00:00.0,00:00.0,206,1,00:00.0,2025-2026,
65D1DE83-F970-4A50-99EF-54E12D9FFD13,BBF5EAF3-7A43-4BF8-BA71-DBDCB2979A39,6410,1,1,599,0,32:37.4,22:48.6,00:00.0,NULL,NULL,00:00.0,0,1,00:00.0,2025-2026,
BC90CA83-13BB-400A-8C5B-5575E0551430,120E5783-3F01-4825-9F72-11A819477ED1,1641,1357,898,599,0,00:00.0,03:08.3,00:00.0,00:00.0,00:00.0,00:00.0,200,1,00:00.0,2025-2026,
595077E8-1F00-4071-A431-563835381484,ABE6C634-1B1B-4085-B973-0D1FAFB55B2B,761,158,465,599,0,00:00.0,05:34.2,00:00.0,00:00.0,00:00.0,00:00.0,300,1,00:00.0,2025-2026,
0F22C7C3-A108-4279-9C26-57603E7E4BA6,9E82F387-0F76-471C-8DEB-9067976A769B,5744,3665,2416,599,0,00:00.0,35:22.5,00:00.0,00:00.0,00:00.0,00:00.0,4,1,00:00.0,2025-2026,
684A441A-5429-4BC4-8786-585DD41FA954,07911096-7A36-4281-9BC5-C19FDD604C7B,945,0,0,599,0,00:52.6,09:22.6,00:00.0,NULL,NULL,00:00.0,0,1,00:00.0,2025-2026,
1B912493-8701-48F3-A8DB-598235EF3727,553E2C5F-8B06-48D6-BEAD-8B391D4BC587,1646,0,0,599,0,55:44.7,NULL,00:00.0,NULL,NULL,00:00.0,0,1,00:00.0,2025-2026,
BE400E50-8573-457A-A4C9-59BD5C1A3C9B,B9960A25-7F15-4304-9DA5-126847F381C1,1025,433,428,599,0,00:00.0,33:34.5,00:00.0,00:00.0,00:00.0,00:00.0,313,1,00:00.0,2025-2026,
948B78FB-13D1-45E9-84B2-5A87C4A5BA52,E1DDBD05-C75A-4A4C-AFD3-FA0B99699276,1787,1869,604,599,0,00:00.0,01:04.0,00:00.0,00:00.0,00:00.0,00:00.0,294,1,00:00.0,2025-2026,
B0CB547B-184D-4D2F-92F4-5AFD0954861B,83AEC2EF-E15D-422C-9D05-BDCF5A260215,497,50,217,599,0,00:00.0,24:55.3,00:00.0,00:00.0,00:00.0,00:00.0,141,1,00:00.0,2025-2026,
66CBE0DE-3331-43D3-B7E1-5B1B8FBA2921,47B72B1C-5901-4AF0-BE03-B9564350E000,4725,0,0,599,0,00:08.9,NULL,00:00.0,NULL,NULL,00:00.0,0,1,00:00.0,2025-2026,
ECF2FE99-1052-4090-B1F5-5B8BA14A1833,8956479F-EBD3-4D93-A762-BC654BD4F5D9,2257,1083,906,599,0,00:00.0,49:21.4,00:00.0,00:00.0,00:00.0,00:00.0,7,1,00:00.0,2025-2026,
E835B88D-EAA4-46EE-8DB9-5B8C366EBF0D,36A23963-498D-4C7D-8C41-8082F4003636,1166,769,511,599,0,00:00.0,24:32.1,00:00.0,00:00.0,00:00.0,00:00.0,138,1,00:00.0,2025-2026,
360E15D7-50B8-46CC-8DE8-5C61FCE7A93E,65ED514E-6421-47A3-8E86-BF4D766E4853,1305,978,341,599,0,00:00.0,NULL,00:00.0,00:00.0,00:00.0,00:00.0,228,1,00:00.0,2025-2026,
A0E71EC2-863A-476E-83FE-5C900F59489C,DFD5EC2E-AD05-44F6-B242-B7CEAE68466E,1907,45,638,599,0,00:00.0,50:26.7,00:00.0,00:00.0,00:00.0,00:00.0,184,1,00:00.0,2025-2026,
1A77ACD2-2EE1-434B-A783-5CC5B7C59428,981C2DDE-5541-4A28-855D-83759712E01A,434,38,155,599,0,00:00.0,38:09.0,00:00.0,00:00.0,00:00.0,00:00.0,258,1,00:00.0,2025-2026,
E9F2DAEC-9CE6-4001-9B93-5F1795B78B92,75C8C8D0-4E8F-4D6D-B6F0-0A3BD6AD8DAC,5292,0,0,599,0,12:57.8,12:01.9,00:00.0,NULL,NULL,00:00.0,0,1,00:00.0,2025-2026,
01C8FB85-DD67-4743-B3C5-5F46FB6F5D29,8BA4B3F0-4440-4C3A-87C1-63E3F0693706,4271,0,0,599,0,35:41.9,11:41.7,00:00.0,NULL,NULL,00:00.0,0,1,00:00.0,2025-2026,
2563D1A0-514F-40C2-9BE9-5FA7AE384992,014C6608-3CF6-4FCB-87C2-C894FBA5B2F3,1134,0,0,599,0,31:23.5,39:48.8,00:00.0,NULL,NULL,00:00.0,0,1,00:00.0,2025-2026,
01278E64-198A-48A6-99EF-603C0B3386DC,BDAC4671-3155-40F5-A51B-5BFC2CB8F766,4725,0,0,599,0,17:00.1,35:22.6,00:00.0,NULL,NULL,00:00.0,0,1,00:00.0,2025-2026,
98E51DD4-EB08-4624-8D27-609474C13A41,2410DBC5-5E1C-47C0-8344-2CC879274C93,2041,2129,601,599,0,00:00.0,05:20.2,00:00.0,00:00.0,00:00.0,00:00.0,305,1,00:00.0,2025-2026,
ADF92B7A-A69A-4A19-9A44-61231792F3F7,2443B867-9636-4F81-8EB1-CF7091690410,1416,1153,767,599,0,00:00.0,51:18.1,00:00.0,00:00.0,00:00.0,00:00.0,238,1,00:00.0,2025-2026,
887D378D-6EC7-4745-9E8C-61A9030FAAB4,A5C21566-694A-4CCC-A669-178CE0EE6C36,1360,0,0,599,0,35:26.7,08:48.2,00:00.0,NULL,NULL,00:00.0,0,1,00:00.0,2025-2026,
E61CAC25-4E28-45CD-8D36-61FC606994FA,61278840-4471-4740-BFCE-94763CA4FE69,595,54,214,599,0,00:00.0,55:15.0,00:00.0,00:00.0,00:00.0,00:00.0,270,1,00:00.0,2025-2026,
1F14A977-9A0D-4B3B-BF7C-63059BFD2D19,2E0B52AB-BA40-4177-B519-01D8C9AC41F2,559,382,256,599,0,00:00.0,53:45.1,00:00.0,00:00.0,00:00.0,00:00.0,111,1,00:00.0,2025-2026,
E8E98CE0-99C3-4221-921B-6328C0F949C0,5ABBEA18-1ABF-4D23-B9D7-A3B4C6215A59,10644,1,1,599,0,25:10.8,NULL,00:00.0,NULL,NULL,00:00.0,0,1,00:00.0,2025-2026,
0600C902-6AE7-4B94-B727-6370C63E6AAD,BD93FA5F-41A5-4873-9EEE-D846EFA581B9,429,87,215,599,0,00:00.0,53:41.2,00:00.0,00:00.0,00:00.0,00:00.0,298,1,00:00.0,2025-2026,
27EEBAFA-114E-49B5-9E9C-6511E0D466A8,9453ECCD-7DD8-4574-88E0-45B96C3F1570,1592,1085,720,599,0,00:00.0,51:22.5,00:00.0,00:00.0,00:00.0,00:00.0,186,1,00:00.0,2025-2026,
0635E03D-2155-4FE6-BB73-660D449B044E,D10EA2FB-CF84-4B0B-BBE3-050DC604267A,10643,0,0,599,0,05:28.6,NULL,00:00.0,NULL,NULL,00:00.0,0,1,00:00.0,2025-2026,
F42CC65D-16F7-4D2E-A9AA-66BD5B84B44B,CB47A757-E06F-4ADD-84A9-8A6F5FAAB0F0,960,746,496,599,0,00:00.0,59:01.3,00:00.0,00:00.0,00:00.0,00:00.0,231,1,00:00.0,2025-2026,
B052A823-3338-4035-A6E5-67098D682A46,77488523-0544-45D4-9733-3380B48ADDB9,18766,880,250,599,0,00:00.0,NULL,00:00.0,00:00.0,00:00.0,00:00.0,0,1,00:00.0,2025-2026,
D31D680B-CFE6-41C7-8E01-673D33147EB3,A7CEDAD6-5E11-47B5-8963-2806C9E361DA,1074,848,565,599,0,00:00.0,57:18.7,00:00.0,00:00.0,00:00.0,00:00.0,261,1,00:00.0,2025-2026,
17F5018C-3028-43EF-97D3-6861CF33D184,01DD8611-D92D-4CB9-9995-F77A35F78732,1036,289,426,599,0,00:00.0,07:27.9,00:00.0,00:00.0,00:00.0,00:00.0,302,1,00:00.0,2025-2026,
667220F2-2635-4648-872E-69A7B11BC096,C5A7A58B-476E-4DE3-8B04-8496217C4726,1249,289,534,599,0,00:00.0,21:46.5,00:00.0,00:00.0,00:00.0,00:00.0,71,1,00:00.0,2025-2026,
9AE05EBB-0054-477D-99FD-6A137861177D,29CE1F76-3EFA-4F10-8788-697E6C55384B,2530,1,1,599,0,16:43.0,55:36.2,00:00.0,NULL,NULL,00:00.0,0,1,00:00.0,2025-2026,
FDEAF21A-6D2B-4C27-B9D5-6A3666B4EA69,4A840EE3-C3DF-4C80-8F1C-D039E84EC07F,1462,1119,743,599,0,00:00.0,17:37.9,00:00.0,00:00.0,00:00.0,00:00.0,177,1,00:00.0,2025-2026,
1DF65D1E-E751-4CF5-89A4-6AC40F09A7FF,99AF75F0-0D80-4253-A305-2B2B821B0056,379,0,0,599,0,10:34.6,49:32.4,00:00.0,NULL,NULL,00:00.0,0,1,00:00.0,2025-2026,
C83C383B-DFE5-4628-8729-6ADD652E51F0,6F6BF377-BE8A-4F25-AA22-C23E31F525EA,3851,938,315,599,0,00:00.0,04:18.7,00:00.0,00:00.0,00:00.0,00:00.0,334,1,00:00.0,2025-2026,
29092C70-1AD1-4E52-981D-6B4D3C5532C2,E6B13AA8-4DB9-41DE-BA50-1D379C6CE4AC,1746,780,805,599,0,00:00.0,52:24.2,00:00.0,00:00.0,00:00.0,00:00.0,188,1,00:00.0,2025-2026,
BE17172F-6B73-4C80-BEAC-6B6DB61A365F,8E6063C7-33D8-4F66-93AA-F54DEFEA4E79,1125,644,403,599,0,00:00.0,23:52.6,00:00.0,00:00.0,00:00.0,00:00.0,87,1,00:00.0,2025-2026,
002A2A34-8CDF-472B-B0BC-6BCBF8EE4AFB,B985C903-968D-40A1-A587-0E622116225E,727,271,279,599,0,00:00.0,21:23.4,00:00.0,00:00.0,00:00.0,00:00.0,100,1,00:00.0,2025-2026,
F0B07238-6572-4F72-B86E-6C2662449A9E,3CF9C61C-6B22-4A24-9704-09455F15EBD2,918,287,271,599,0,00:00.0,57:53.6,00:00.0,00:00.0,00:00.0,00:00.0,90,1,00:00.0,2025-2026,
9A98E660-3016-4C2E-B87E-6C6A54334A7B,C0FCFE06-F179-4237-BC50-65EF447856C3,2772,0,0,599,0,18:41.1,36:19.2,00:00.0,NULL,NULL,00:00.0,0,1,00:00.0,2025-2026,
0E161FA3-F832-46DE-B4AF-6D8BDB520C60,2D92059C-19A3-4F36-87C3-286C040C3F03,1249,289,534,599,0,00:00.0,28:53.3,00:00.0,00:00.0,00:00.0,00:00.0,66,1,00:00.0,2025-2026,
A62D5563-62FA-4C6C-8D7B-6E1F70B936AF,0CFE0ECB-FC16-4A65-9BF1-681C25359317,1364,119,627,599,0,00:00.0,40:42.7,00:00.0,00:00.0,00:00.0,00:00.0,337,1,00:00.0,2025-2026,
502B36B5-2195-4956-BD5A-708922DDE994,85F962B6-32F5-4501-9FE9-1F725D37040D,713,205,403,599,0,00:00.0,07:06.4,00:00.0,00:00.0,00:00.0,00:00.0,224,1,00:00.0,2025-2026,
429BE816-EA46-4B27-B1C5-70A37885F92D,1A7B6E6D-CDC1-43BA-81F3-44B18263FD9F,1551,1801,588,599,0,00:00.0,54:20.5,00:00.0,00:00.0,00:00.0,00:00.0,223,1,00:00.0,2025-2026,
6D4B2CFD-1B4C-40DD-963E-70B92F7E5846,9D726BD8-DCF0-4716-BD13-FF1CE53F6403,585,117,284,599,0,00:00.0,18:40.8,00:00.0,00:00.0,00:00.0,00:00.0,179,1,00:00.0,2025-2026,
77B6FE73-DB15-4E3A-872C-71478FA203C9,4CAD2666-8D2F-4D62-A554-F2C19496D087,1398,1436,952,599,0,00:00.0,34:25.2,00:00.0,00:00.0,00:00.0,00:00.0,293,1,00:00.0,2025-2026,
F3B1FD8E-6C78-493C-B404-71551F126770,5B1821FF-A4DA-40C7-87B6-DB43B7E1F0D8,967,555,364,599,0,00:00.0,03:38.7,00:00.0,00:00.0,00:00.0,00:00.0,156,1,00:00.0,2025-2026,
2AFEF277-35D3-4D3A-A01F-71774FA58258,47AA05FA-AAF8-4ECA-84FA-B0DD08071406,388,49,403,599,0,00:00.0,NULL,00:00.0,00:00.0,00:00.0,00:00.0,23,1,00:00.0,2025-2026,
7EC6D11F-61DF-4238-86C0-71EAA33A99AB,F4064C29-BCE0-44B1-9C60-2D31762568DD,1134,0,0,599,0,14:11.1,NULL,00:00.0,NULL,NULL,00:00.0,0,1,00:00.0,2025-2026,
ACCC94CD-42AC-4170-87A2-72F12A9C5790,BADA788F-7867-4D9F-B9AA-D7305F2D830B,1020,1119,743,599,0,00:00.0,51:46.9,00:00.0,00:00.0,00:00.0,00:00.0,237,1,00:00.0,2025-2026,
D7C10A7E-1F0A-4996-B9C1-739D429299EC,62BC4010-A31F-4FE0-A29B-DE75D9E1F796,918,287,271,599,0,00:00.0,57:31.1,00:00.0,00:00.0,00:00.0,00:00.0,89,1,00:00.0,2025-2026,
9FE31AB9-BB62-4361-830F-73F92F2C3FF8,BC6CA33C-8C5D-4F97-AFF5-DCA939FDD608,5797,0,0,599,0,51:14.4,NULL,00:00.0,NULL,NULL,00:00.0,0,1,00:00.0,2025-2026,
BDB1CAC3-DDCB-481A-B450-7468F09E6A7E,61D6F750-FA0A-4C2F-B1E9-C2EA6E601FE2,3588,1,1,599,0,23:35.1,28:44.6,00:00.0,NULL,NULL,00:00.0,0,1,00:00.0,2025-2026,
224069CF-596E-473F-8F84-74C85106D987,CFCEEBF9-0D1E-407C-B224-4D76E826D5DA,8947,0,0,599,0,33:02.2,34:45.2,00:00.0,NULL,NULL,00:00.0,0,1,00:00.0,2025-2026,
19032BF5-EE50-4D17-A3C8-74D0D12D1884,36428FE6-9D4F-4BF9-9A68-7222861D57BA,1421,2011,348,599,0,00:00.0,08:21.0,00:00.0,00:00.0,00:00.0,00:00.0,142,1,00:00.0,2025-2026,
FD9E9922-9DF3-409D-BA66-74D191D98112,D099F92E-FD9B-4254-8DF9-39035CE8AD8F,1139,916,604,599,0,00:00.0,40:29.4,00:00.0,00:00.0,00:00.0,00:00.0,256,1,00:00.0,2025-2026,
E522D969-AA73-4F28-A388-75E3727FBFD5,37D578C5-206E-4AD6-A7DB-75CBFAF2562A,1539,1245,599,599,0,00:00.0,01:14.3,00:00.0,00:00.0,00:00.0,00:00.0,198,1,00:00.0,2025-2026,
328D7201-B03B-4A49-A1C4-767BC0C67807,AB4E5463-7C1E-4D42-BEB0-93BE008FB2B1,630,0,0,0,0,27:25.4,13:07.3,00:00.0,NULL,NULL,00:00.0,0,1,00:00.0,2025-2026,
53D84E62-517D-4AB8-B8E6-76B067D09C1A,8BB19C30-5FFC-4D1E-9DF1-424E4D466D1D,1185,950,627,599,0,00:00.0,59:23.2,00:00.0,00:00.0,00:00.0,00:00.0,232,1,00:00.0,2025-2026,
C252BBB8-85CD-454A-B1EB-76D0C8F2FAA2,F2C2A991-0728-43EF-9BD8-0A85C3ACF3D8,5292,0,0,599,0,02:20.9,12:17.0,00:00.0,NULL,NULL,00:00.0,0,1,00:00.0,2025-2026,
6EC5EB6A-3B87-4DB5-BA92-76F1FCE592E2,BDF94F7E-EF32-411C-94F6-9AC25DB5BF2E,3150,0,0,599,0,59:28.1,11:14.0,00:00.0,NULL,NULL,00:00.0,0,1,00:00.0,2025-2026,
A65846E1-0BDB-4D11-843E-7715B1BE354A,5F6785A1-EEEF-45F9-B103-5D5594024EBA,1304,767,511,599,0,00:00.0,16:04.5,00:00.0,00:00.0,00:00.0,00:00.0,131,1,00:00.0,2025-2026,
6DA7122F-3B38-4B30-9E29-77EC7544873B,B8E9601E-689A-44E2-A76D-C81A60510BBA,1462,1187,790,599,0,00:00.0,00:29.5,00:00.0,00:00.0,00:00.0,00:00.0,195,1,00:00.0,2025-2026,
D80F4AB2-3DC9-448A-9FF9-781015334D6B,D9BB62A3-65C3-4E35-B889-895EC91DC1DF,1877,116,213,599,0,00:00.0,23:24.9,00:00.0,00:00.0,00:00.0,00:00.0,330,1,00:00.0,2025-2026,
F97D9A88-639B-4F0B-B236-7819AB30B806,56D39DE1-49E4-4A10-8215-AFBE3FB0C32A,822,249,333,599,0,00:00.0,47:39.5,00:00.0,00:00.0,00:00.0,00:00.0,47,1,00:00.0,2025-2026,
5D9294D4-24BC-4119-931B-782BC92D1AC3,06073EFF-7924-4F01-B561-348B85499717,4588,2870,2253,599,0,00:00.0,56:07.2,00:00.0,00:00.0,00:00.0,00:00.0,84,1,00:00.0,2025-2026,
5D4C8E43-784B-4825-9E71-79A40B1E0A6F,80F06FE1-B5B5-48B8-B916-8B4C619FF8A1,1034,289,426,599,0,00:00.0,06:17.2,00:00.0,00:00.0,00:00.0,00:00.0,61,1,00:00.0,2025-2026,
66C4BA95-0D1C-4CC3-93B2-79AA921DAFD1,2010F96C-2BC1-409D-BA15-5D544C0BAC2E,3588,1,1,599,0,17:05.2,28:14.8,00:00.0,NULL,NULL,00:00.0,0,1,00:00.0,2025-2026,
188D44D8-7A9E-4209-87D9-7A22E4200E58,1C202EE3-D483-406C-873A-AF892930DA09,1134,0,0,599,0,41:05.9,09:03.6,00:00.0,NULL,NULL,00:00.0,0,1,00:00.0,2025-2026,
DAF4FE0D-916E-427A-969A-7AFC1620C085,8794C16C-CC1A-4780-BCB9-30AE6C4D9DE4,1273,750,496,599,0,00:00.0,09:38.9,00:00.0,00:00.0,00:00.0,00:00.0,121,1,00:00.0,2025-2026,
B31F9D3C-9C7F-49C2-A34D-7C2169E2A87C,6AD49257-9087-4AE3-AAEB-6CA45908B793,2835,0,0,599,0,34:33.4,10:05.8,00:00.0,NULL,NULL,00:00.0,0,1,00:00.0,2025-2026,
6278702A-B819-4ABE-9AAF-7C9AAA05E942,340B606D-6C6B-4498-9437-86A3E82BD67F,4851,0,0,599,0,15:52.3,09:44.5,00:00.0,NULL,NULL,00:00.0,0,1,00:00.0,2025-2026,
CB83A2A9-6F60-44EA-9715-7CF105533A7C,2D4E4DFD-286F-439D-93A1-6C282F7A0D8F,3136,4361,573,599,0,00:00.0,00:24.0,00:00.0,00:00.0,00:00.0,00:00.0,120,1,00:00.0,2025-2026,
0FF6BC8E-D13E-4D6E-8EF8-8004B98D5BFB,DE83F39C-974F-4A48-A562-0E363705F21C,946,349,542,599,0,00:00.0,11:27.8,00:00.0,00:00.0,00:00.0,00:00.0,168,1,00:00.0,2025-2026,
29905DE2-3F3F-48F5-92EF-80367DA0DF8B,941E01C4-A42C-4A97-B5C1-1E004BBDFED3,5985,0,0,599,0,47:42.7,49:47.1,00:00.0,NULL,NULL,00:00.0,0,1,00:00.0,2025-2026,
9FD1B2A0-1DA8-4702-B8AC-8074459B55BA,5B5BD73B-6A24-4194-9B27-B65D326299BE,745,91,496,599,0,00:00.0,37:56.9,00:00.0,00:00.0,00:00.0,00:00.0,108,1,00:00.0,2025-2026,
E47001D1-9A46-4DE4-8DCB-80D7EDCB4F0B,AD3DB3B2-93D6-40F5-8FB8-613119DCC002,1380,1125,743,599,0,00:00.0,07:22.9,00:00.0,00:00.0,00:00.0,00:00.0,162,1,00:00.0,2025-2026,
676F0A03-E332-4BAA-9078-81019E4CE2A6,9EACC8AB-99FA-4805-A3BE-B5EDA34CD992,3150,0,0,599,0,18:24.8,NULL,00:00.0,NULL,NULL,00:00.0,0,1,00:00.0,2025-2026,
B7412AC2-3CF4-44E5-8A8C-81674B127B0A,B9E338EA-6F4B-4CFF-9712-4B83A299E405,813,371,403,599,0,00:00.0,32:15.9,00:00.0,00:00.0,00:00.0,00:00.0,30,1,00:00.0,2025-2026,
ABA8660E-20B8-40BA-8D2F-82A1F53B51F5,AD5F1E23-8261-4676-930D-07C3A10870F2,1220,509,503,599,0,00:00.0,06:18.3,00:00.0,00:00.0,00:00.0,00:00.0,217,1,00:00.0,2025-2026,
1261F6EF-E2A2-4801-834E-83563AA82979,14941DD1-2C81-4173-9CCE-560669B50EA9,2043,1366,906,599,0,52:28.5,10:47.8,00:00.0,NULL,NULL,00:00.0,0,1,00:00.0,2025-2026,
567E31FA-2092-41CC-819A-838EC61DC68A,52B790C3-979C-4C41-B454-AD57C4B7C23F,1646,0,0,599,0,36:12.8,NULL,00:00.0,NULL,NULL,00:00.0,0,1,00:00.0,2025-2026,
FE81ED10-49DC-4F4F-8526-83F657A14765,129A6141-76DC-4DD0-9C42-B89BC152EC8B,1139,916,604,599,0,00:00.0,38:53.4,00:00.0,00:00.0,00:00.0,00:00.0,257,1,00:00.0,2025-2026,
5E4837B2-5A5E-41D8-B8EC-846F88339A05,DA6E01BB-2AB1-4A5B-A77A-C915A38A20EF,2102,1881,774,599,0,00:00.0,52:30.6,00:00.0,00:00.0,00:00.0,00:00.0,83,1,00:00.0,2025-2026,
576BE854-366E-4897-A235-84D10D708EFD,1C49AC58-2D22-46F5-9BB5-5037C10ABE9C,3588,1,1,599,0,41:37.4,21:33.8,00:00.0,NULL,NULL,00:00.0,0,1,00:00.0,2025-2026,
94DA35F8-193B-489A-8EC4-854945DB3600,DD5C9C2A-5B73-4790-8C02-D3A0A7EC88D2,1776,848,565,599,0,00:00.0,04:09.4,00:00.0,00:00.0,00:00.0,00:00.0,157,1,00:00.0,2025-2026,
C28FFED2-F380-45D3-9D62-8595660A6D8A,5DF448BD-B9A4-43CC-8528-FD681A4C7BC5,1001,454,372,599,0,00:00.0,NULL,00:00.0,00:00.0,00:00.0,00:00.0,36,1,00:00.0,2025-2026,
59362C29-98B3-4B51-ADBD-85A18FA2EC8D,28726F42-B86B-4320-93F9-BFD905826443,1551,984,650,599,0,00:00.0,20:27.8,00:00.0,00:00.0,00:00.0,00:00.0,182,1,00:00.0,2025-2026,
ACD59489-7D7B-4166-942A-86884E6BD1F2,AC4BC8A3-45C0-4FFC-9374-BDCAC1209E98,10644,1,1,599,0,57:17.8,59:06.3,00:00.0,NULL,NULL,00:00.0,0,1,00:00.0,2025-2026,
A52E7E09-A363-4E20-B707-873787532445,CE4E1904-F52E-4571-95EB-0DF9CC1102EA,2043,975,906,599,0,36:01.9,45:29.1,00:00.0,NULL,NULL,00:00.0,0,1,00:00.0,2025-2026,
C76EC72E-A254-46C1-9C8A-88090A8B3063,9A0FF731-26BC-42E5-AFC2-9B28B03EE9DB,1067,848,558,599,0,00:00.0,28:16.7,00:00.0,00:00.0,00:00.0,00:00.0,225,1,00:00.0,2025-2026,
DA17AD27-0CED-4FE2-91EA-889EB4B3B4AF,F8F25EFD-39C6-4450-BACF-BAC7764A840A,627,536,287,599,0,00:00.0,09:26.2,00:00.0,00:00.0,00:00.0,00:00.0,170,1,00:00.0,2025-2026,
981BD490-7F50-4484-BEC6-8984065B7896,88A4E8D4-9D3A-4D1D-AFF4-3DF9C8895505,12770,8219,5436,599,0,00:00.0,31:34.1,00:00.0,00:00.0,00:00.0,00:00.0,20,1,00:00.0,2025-2026,
2A747C20-01A1-4BA9-A8FB-89DA39453933,B2B6F1EA-0473-4BEB-BF34-D00EC7BB5040,633,29,256,599,0,00:00.0,NULL,00:00.0,00:00.0,00:00.0,00:00.0,40,1,00:00.0,2025-2026,
1902C00B-1CFF-4FD2-AF11-8A398D305868,CA507A39-DE1D-47EF-BF0D-D77F68711482,1093,712,472,599,0,00:00.0,58:35.9,00:00.0,00:00.0,00:00.0,00:00.0,208,1,00:00.0,2025-2026,
EA2A643E-2073-42B5-B9CB-8A9C14A9958B,8F7948F1-BF71-4DE2-86E4-D0ACAA010E95,5090,2622,1735,599,0,00:00.0,16:12.2,00:00.0,00:00.0,00:00.0,00:00.0,18,1,00:00.0,2025-2026,
5706F08A-CE6C-464B-9E27-8ABADC9B9133,504F1F65-1A9B-4732-ABD9-206874B4CF46,1845,1120,743,599,0,00:00.0,54:29.4,00:00.0,00:00.0,00:00.0,00:00.0,139,1,00:00.0,2025-2026,
C9B06BCC-238D-42DE-859F-8BE69A7DC731,AD24823D-3985-4834-BDA9-C4FEA1C7B984,1499,1869,542,599,0,00:00.0,46:33.2,00:00.0,00:00.0,00:00.0,00:00.0,246,1,00:00.0,2025-2026,
734EB752-E13B-484D-8250-8BEFA2DCCC7D,213EA6D2-6DD5-42F9-B67D-83CB76384CDC,661,96,233,599,0,00:00.0,22:35.0,00:00.0,00:00.0,00:00.0,00:00.0,272,1,00:00.0,2025-2026,
9C85BF80-C151-4FE9-AAF1-8C1FADF2D8A4,3511266C-EFA9-4888-9DF6-7168969C103B,3150,0,0,599,0,08:09.5,09:28.2,00:00.0,NULL,NULL,00:00.0,0,1,00:00.0,2025-2026,
AB1BE64E-B336-430F-BE64-8CE86AE57E25,E0CC958E-52ED-48EE-B183-D8EC16546D35,2205,0,0,599,0,16:26.8,40:09.7,00:00.0,NULL,NULL,00:00.0,0,1,00:00.0,2025-2026,
9BE8B80F-CEEB-4F73-89F5-8CFCED826B35,E52415AC-BCE1-43BF-8BE7-5373D2977E0A,3780,0,0,599,0,44:10.5,54:09.5,00:00.0,NULL,NULL,00:00.0,0,1,00:00.0,2025-2026,
53D524A9-4A9C-4A1D-8DCE-8DBDAF5A76B8,92686F2A-526A-4008-99A9-1118A3F10D8B,1877,116,213,599,0,00:00.0,56:15.5,00:00.0,00:00.0,00:00.0,00:00.0,322,1,00:00.0,2025-2026,
5BC8DE93-5278-4E75-B004-8E025A9BE347,F62BB2FB-DF06-4CEA-BA06-02815718C870,1287,708,472,599,0,00:00.0,57:18.4,00:00.0,00:00.0,00:00.0,00:00.0,146,1,00:00.0,2025-2026,
5B9B437D-E843-4509-8259-8E2A08DDE3B0,DADCC7D5-B425-440A-9635-E840F5099088,797,271,449,599,0,00:00.0,NULL,00:00.0,00:00.0,00:00.0,00:00.0,32,1,00:00.0,2025-2026,
91B787F3-28F4-48C2-A977-8E6D6C626893,FD82E63A-5E54-4C26-AE33-5FFE665889EA,3587,0,0,599,0,13:10.2,NULL,00:00.0,NULL,NULL,00:00.0,0,1,00:00.0,2025-2026,
F1326691-C184-444E-BE16-8E8C027429DD,0CA693AD-871B-401F-9EA4-DDC690B1B777,840,208,627,599,0,00:00.0,NULL,00:00.0,00:00.0,00:00.0,00:00.0,25,1,00:00.0,2025-2026,
D7B99D9C-23E2-4127-BB18-8F046CD067C5,7172E4A7-D727-438E-9C8D-97FC8FD4BFE7,841,467,310,599,0,00:00.0,03:08.3,00:00.0,00:00.0,00:00.0,00:00.0,155,1,00:00.0,2025-2026,
97FA0DE3-AE89-4FD5-9678-8F6EB8CC8407,EF04F250-6C1D-43AA-AF5B-4B92A407B929,1877,116,213,599,0,00:00.0,20:07.6,00:00.0,00:00.0,00:00.0,00:00.0,333,1,00:00.0,2025-2026,
34ECD2BA-B281-438B-9B09-9076B836C443,6F8EB804-7CA9-4F09-8F32-C1F965CE4862,1512,0,0,599,0,59:21.2,13:14.8,00:00.0,NULL,NULL,00:00.0,0,1,00:00.0,2025-2026,
1B31DEC1-1E66-4551-877C-90A9B13E4CF5,1BA60BF9-8FFC-4D9D-BE95-DA5F75BEA824,4537,0,0,599,0,25:39.3,11:50.6,00:00.0,NULL,NULL,00:00.0,0,1,00:00.0,2025-2026,
AABF871C-3E0B-4DC3-BB5F-90AC654397FF,B9A240AF-985B-4AFA-851D-79A106F05AEF,1522,1946,248,599,0,00:00.0,33:31.1,00:00.0,00:00.0,00:00.0,00:00.0,339,1,00:00.0,2025-2026,
F812CBB8-FA74-4B7E-B4BC-90BCFA2E4787,9EEE7420-AD56-421D-AFC9-259452A270CB,875,630,466,599,0,00:00.0,56:49.0,00:00.0,00:00.0,00:00.0,00:00.0,303,1,00:00.0,2025-2026,
9735C7F9-84AA-4EAF-8336-9147D9C25CEA,E647A158-8784-400D-97FC-4E87424E34DB,1108,117,472,599,0,00:00.0,25:37.1,00:00.0,00:00.0,00:00.0,00:00.0,24,1,00:00.0,2025-2026,
27C80A80-08D1-41A0-AAF2-91B9D974EA72,A14EF1A4-1504-4FC9-8FDC-AC73D6C0AB0A,2646,0,0,599,0,34:42.1,NULL,00:00.0,NULL,NULL,00:00.0,0,1,00:00.0,2025-2026,
118E343F-467D-4EB3-A84F-925F70F770D8,4629925F-3F90-4774-B4D5-67CCB8BD12C8,3150,250,250,0,0,07:18.3,NULL,00:00.0,NULL,NULL,00:00.0,0,1,00:00.0,2025-2026,
80B85CB8-C98A-4CEE-B89B-93422F117348,92B9AE42-1B16-403F-B60C-8C9636BD4527,1512,0,0,0,0,18:29.0,NULL,00:00.0,NULL,NULL,00:00.0,0,1,00:00.0,2025-2026,
5ECE0EF2-E600-4451-BF93-934B647FC453,49AA8F02-B8D6-4F1A-8DE0-8C6310D8B183,2144,1798,1193,599,0,00:00.0,04:40.4,00:00.0,00:00.0,00:00.0,00:00.0,203,1,00:00.0,2025-2026,
A0F724B5-002C-4FB9-B88E-9415CD568EA7,B8EE3D89-59FC-4812-84AA-5F15830EEEEE,2217,975,906,599,0,00:00.0,57:29.5,00:00.0,00:00.0,00:00.0,00:00.0,65,1,00:00.0,2025-2026,
271DFF22-C104-4F0B-8FBE-941867BB7D64,63C34A1F-7E29-4129-8339-2653634C1B95,10644,1,1,599,0,07:13.7,NULL,00:00.0,NULL,NULL,00:00.0,0,1,00:00.0,2025-2026,
C1A72667-AFF5-4E1E-86D5-94CAF525B972,0E48A5DB-046E-4C85-9BC6-08106E9B9A6E,2520,0,0,0,0,02:14.5,12:12.9,00:00.0,NULL,NULL,00:00.0,0,1,00:00.0,2025-2026,
B9966602-A2DE-4B1F-BB46-9522B9FDFCFD,596F1F39-3B49-4889-99F5-7584FECAAD22,670,139,248,599,0,00:00.0,20:51.1,00:00.0,00:00.0,00:00.0,00:00.0,172,1,00:00.0,2025-2026,
2A0C8B80-A180-41A9-BD28-9565F80BEC78,05E5CFD0-CE06-45ED-9805-E360E2126517,3150,0,0,599,0,17:38.5,NULL,00:00.0,NULL,NULL,00:00.0,0,1,00:00.0,2025-2026,
978640EA-DBA7-4C9A-8B14-9577C39DA587,0131BFBC-E537-44DD-9D6D-1555A662380C,1139,916,604,599,0,00:00.0,00:51.7,00:00.0,00:00.0,00:00.0,00:00.0,197,1,00:00.0,2025-2026,
FFB2BA23-3E47-496F-9494-95E3B19F7207,D78A2727-BA30-40C0-9B7A-B384340EE7DC,1985,271,341,599,0,00:00.0,01:43.2,00:00.0,00:00.0,00:00.0,00:00.0,99,1,00:00.0,2025-2026,
15663272-B6F3-4176-AC27-95E48396600F,12CB33DC-F25F-4F16-B0E0-692E9E03FDB0,567,0,0,599,0,36:48.8,36:54.1,00:00.0,NULL,NULL,00:00.0,0,1,00:00.0,2025-2026,
EA1D3D8D-4388-444D-A7F0-96FF148C051D,7C2B0587-5325-466E-97F7-8FDADE3518FA,3588,1,1,599,0,39:56.6,NULL,00:00.0,NULL,NULL,00:00.0,0,1,00:00.0,2025-2026,
CCF41999-98D7-4B2C-9748-98049ABD168E,38F95773-1DA3-4A0D-BB2C-E42078940783,6410,1,1,599,0,25:37.0,23:26.4,00:00.0,NULL,NULL,00:00.0,0,1,00:00.0,2025-2026,
F9AC278C-1652-4AEA-BB91-987C896591A3,E9D72279-12C4-4E3D-B747-B232BA3E5C5D,1301,1052,697,599,0,00:00.0,41:44.2,00:00.0,00:00.0,00:00.0,00:00.0,255,1,00:00.0,2025-2026,
42092C2D-7ED3-4610-B31A-98E3069A04BF,80BDCAD6-EF88-4770-AB96-ADA546668DBA,950,58,395,599,0,00:00.0,26:03.9,00:00.0,00:00.0,00:00.0,00:00.0,21,1,00:00.0,2025-2026,
E4E9F607-D6CC-4148-8AA1-9909A4F164DE,C68FB49D-A674-447F-A204-7199F61B9B81,767,92,280,599,0,00:00.0,NULL,00:00.0,00:00.0,00:00.0,00:00.0,277,1,00:00.0,2025-2026,
84DA0813-C225-4D24-89E2-99CA214FCD0B,266F56C5-2EE1-44EC-A879-2220685532AE,923,712,472,599,0,00:00.0,53:01.8,00:00.0,00:00.0,00:00.0,00:00.0,235,1,00:00.0,2025-2026,
3429B879-C159-4854-BF36-9AA6506D37D5,2B45D116-DC35-442A-A8CD-76868284A60E,4410,0,0,599,0,16:19.3,NULL,00:00.0,NULL,NULL,00:00.0,0,1,00:00.0,2025-2026,
FF90181D-0B20-4581-ACF5-9B0A2350D185,7F661995-EC5C-4929-BF0D-F157B4DECAE3,6300,0,0,599,0,28:45.2,10:56.4,00:00.0,NULL,NULL,00:00.0,0,1,00:00.0,2025-2026,
1A8B4772-CBF5-4857-8529-9B73EDF4B0D5,65013B8A-3963-4E6B-9A2A-ACAC538237E5,6070,2631,2083,599,0,00:00.0,01:58.2,00:00.0,00:00.0,00:00.0,00:00.0,14,1,00:00.0,2025-2026,
3E996CCF-F5EA-42BD-8AC9-9BBA0F2D42E0,10BCC6D3-E556-490F-B3D5-428EA7731E45,1034,289,426,599,0,00:00.0,08:27.9,00:00.0,00:00.0,00:00.0,00:00.0,58,1,00:00.0,2025-2026,
90ED6CC3-E7D2-454E-A2D3-9D101CEB0F47,779CFB32-44A7-4A40-AECF-07AC502691EC,1585,1803,426,599,0,00:00.0,13:49.4,00:00.0,00:00.0,00:00.0,00:00.0,110,1,00:00.0,2025-2026,
6E1F34F6-50B2-483F-9272-9D8CE6E48D67,09F11309-623D-4A0E-96AA-547912321F11,1877,116,213,599,0,00:00.0,05:27.0,00:00.0,00:00.0,00:00.0,00:00.0,317,1,00:00.0,2025-2026,
51F15E99-E23F-4E91-BC09-9DBA5605657D,6D9CC998-FD8E-4BC2-A19F-321B312C55D5,808,444,294,599,0,49:24.6,14:32.1,00:00.0,NULL,NULL,00:00.0,0,1,00:00.0,2025-2026,
C3496A57-9448-481F-8FC1-9E0B55E12ADA,241847BF-5A4F-4516-A78A-274729D00523,4716,0,0,599,0,11:10.1,NULL,00:00.0,NULL,NULL,00:00.0,0,1,00:00.0,2025-2026,
74DA7457-D452-400D-A3CE-9E2881D5108E,0334F44B-A71B-4A4B-AA0D-3D3F43123117,889,496,333,599,0,00:00.0,06:50.7,00:00.0,00:00.0,00:00.0,00:00.0,161,1,00:00.0,2025-2026,
4799565B-3D89-4F4F-A4FC-9E5A8699EAC3,D89FE7FA-F970-4CF3-9E64-0A1D460F4175,995,780,519,599,0,00:00.0,53:41.1,00:00.0,00:00.0,00:00.0,00:00.0,233,1,00:00.0,2025-2026,
020E5E8E-27DA-4151-A5D0-9F2E7963A2A4,A7CC9E9E-90F1-4FEA-9556-0E172841A646,1877,116,213,599,0,00:00.0,54:15.6,00:00.0,00:00.0,00:00.0,00:00.0,320,1,00:00.0,2025-2026,
12C09BC1-4F4A-4400-9DCA-9F455FC9D6D2,C0DCBA1C-2662-49AC-8773-C6336B28245F,624,267,428,599,0,00:00.0,NULL,00:00.0,00:00.0,00:00.0,00:00.0,314,1,00:00.0,2025-2026,
5159E763-DBDC-4C1F-A1F1-9FF1D93B4842,3EE7DDC4-BCCD-4C3D-A0AB-71123295A16B,1551,1869,588,599,0,49:42.2,29:36.5,00:00.0,NULL,NULL,00:00.0,0,1,00:00.0,2025-2026,
65F39335-F961-4976-A564-A1103C4D8808,082EA1F3-52E1-4FD9-AA45-238A185BC3F7,1402,289,426,599,0,00:00.0,09:06.9,00:00.0,00:00.0,00:00.0,00:00.0,55,1,00:00.0,2025-2026,
CFA3FD65-4868-4987-8575-A1EA7DFDD151,E340413F-FBF1-4D85-82B2-47C1A4D2E7E7,1877,116,213,599,0,00:00.0,26:25.6,00:00.0,00:00.0,00:00.0,00:00.0,331,1,00:00.0,2025-2026,
D8815BE8-47AD-4610-A24A-A26646A3A898,7C27BE5C-28C7-426B-93A3-0F2BBE9A1085,756,0,0,599,0,12:08.8,10:14.7,00:00.0,NULL,NULL,00:00.0,0,1,00:00.0,2025-2026,
EFE862B8-5259-4AC4-AFD8-A2B5FFED7CDB,E9672A4E-5D87-4263-A8DF-38DCFC2198FD,808,317,294,599,0,00:00.0,NULL,00:00.0,00:00.0,00:00.0,00:00.0,130,1,00:00.0,2025-2026,
51CC3E63-BD09-4B50-A31D-A2BD811EC0CC,942D5B2A-21AE-47C3-9AFC-3A3807F22A58,1449,670,820,599,0,00:00.0,43:03.0,00:00.0,00:00.0,00:00.0,00:00.0,282,1,00:00.0,2025-2026,
A1C81726-CF9D-4938-8400-A33DBC98570B,85637640-115A-4924-909B-DAEEEBF9A922,6070,2631,2083,599,0,00:00.0,59:24.7,00:00.0,00:00.0,00:00.0,00:00.0,11,1,00:00.0,2025-2026,
81FE5FF3-FEAE-4154-A7CE-A362AD8183A7,73FE8C85-1B3A-4447-AFFC-464388CDFB40,855,610,403,599,0,00:00.0,19:45.0,00:00.0,00:00.0,00:00.0,00:00.0,181,1,00:00.0,2025-2026,
ED3915E8-074F-4262-9D57-A365FFEF2EF8,759D8739-F4FE-4058-A05D-AC3E9583C500,1764,0,0,599,0,48:22.0,14:30.8,00:00.0,NULL,NULL,00:00.0,0,1,00:00.0,2025-2026,
238E42C4-4D6D-485B-B300-A40097F8E183,1252E09C-AD83-4E70-8D5E-E2E05621642A,4717,1,1,599,0,15:51.3,59:17.5,00:00.0,NULL,NULL,00:00.0,0,1,00:00.0,2025-2026,
3FDBBEA2-E15D-4490-9735-A42DD6A73281,1D90D6F4-6AE4-4F23-82D0-3D0FFC0D1EAA,2079,0,0,599,0,14:27.3,32:37.6,00:00.0,NULL,NULL,00:00.0,0,1,00:00.0,2025-2026,
C85AA76A-64E0-4B16-83C1-A5EC713B425D,B36DA61C-FAC8-4F54-8830-D90608EDEA5F,1389,1390,403,599,0,00:00.0,48:11.8,00:00.0,00:00.0,00:00.0,00:00.0,8,1,00:00.0,2025-2026,
8900825D-CEF1-4997-A188-A6A4E94F9F46,F1D3E94B-DBDD-4C08-938C-59BEA6B3DFA6,637,26,271,599,0,00:00.0,29:24.6,00:00.0,00:00.0,00:00.0,00:00.0,173,1,00:00.0,2025-2026,
6F94CECE-8C1C-4235-BADB-A7ABF82152A0,7E2A7FFE-CB4A-4596-AA9D-54861998A4DC,7434,1500,500,750,0,16:15.9,NULL,00:00.0,NULL,NULL,00:00.0,0,1,00:00.0,2025-2026,
EAB82FF7-E5E4-45EC-B499-A8E39A8C6C37,6405D7C1-A28A-4270-AB39-4A0D8F9A1C39,1877,116,213,599,0,00:00.0,22:10.8,00:00.0,00:00.0,00:00.0,00:00.0,329,1,00:00.0,2025-2026,
BACDA2CE-890A-4C71-BB56-A94BA221AA7B,698F2207-8FA3-4D80-B643-9046F17E9F0A,932,780,348,599,0,00:00.0,54:51.3,00:00.0,00:00.0,00:00.0,00:00.0,128,1,00:00.0,2025-2026,
F56CAFC4-629D-4C6D-B94C-A9AC6B1F5EA7,BA9CCCCD-F142-4642-9255-BCBDE276B675,2536,1571,1038,599,0,00:00.0,46:12.3,00:00.0,00:00.0,00:00.0,00:00.0,80,1,00:00.0,2025-2026,
AFFEF3D8-2338-432A-B636-A9BD089DCE89,DBF749E3-D9BD-413F-95E7-78AD4A73431F,1416,1153,767,599,0,00:00.0,50:23.0,00:00.0,00:00.0,00:00.0,00:00.0,240,1,00:00.0,2025-2026,
C7566DC5-B285-4BED-8D17-A9EF061DB48B,0AAB1BBE-7A61-4B40-87F6-DC7AC8E1788A,1360,0,0,599,0,21:32.7,15:19.2,00:00.0,NULL,NULL,00:00.0,0,1,00:00.0,2025-2026,
B687E8E5-490E-45A1-A093-A9FE0A7F0A6C,F4D05252-2C75-498F-AA66-DBDE9B3F064F,705,134,348,599,0,00:00.0,21:54.4,00:00.0,00:00.0,00:00.0,00:00.0,125,1,00:00.0,2025-2026,
AFD3A128-66E7-4263-842A-AA3FADFB7F31,8955DF30-D2B5-4D1D-B5B6-9FBC6E722523,753,243,356,599,0,45:25.8,NULL,00:00.0,NULL,NULL,00:00.0,0,1,00:00.0,2025-2026,
3E27D1B1-F1AB-4A22-BFE2-AA86EB035C2B,DAE702D6-6270-4B49-84BC-E1AED9C24868,2530,1,1,599,0,57:34.2,NULL,00:00.0,NULL,NULL,00:00.0,0,1,00:00.0,2025-2026,
3A4E6CC2-E1CD-4785-A5C6-AB455F3BA3A4,B09D32CD-2A1B-4A63-AC9A-FEFC5F33B332,1273,750,496,599,0,00:00.0,12:45.7,00:00.0,00:00.0,00:00.0,00:00.0,124,1,00:00.0,2025-2026,
DA85611C-3105-4EF9-BEC7-AB9D3F6BE389,AB915ED8-FE16-4CCC-A45B-6C6604E78DD4,719,136,356,599,0,00:00.0,NULL,00:00.0,00:00.0,00:00.0,00:00.0,39,1,00:00.0,2025-2026,
3BCF2742-7B60-47DC-A30E-AC4E1DCB5594,5D3C79BA-A93D-463C-9637-2D2274369F1C,1646,0,0,599,0,40:10.6,NULL,00:00.0,NULL,NULL,00:00.0,0,1,00:00.0,2025-2026,
DABF7D4C-FC4E-46DA-99C4-ACAFF7116D39,66186A54-F966-4E93-9BCC-CE053E7E9841,1689,1020,674,599,0,00:00.0,35:04.6,00:00.0,00:00.0,00:00.0,00:00.0,42,1,00:00.0,2025-2026,
7A081494-9C50-48A4-A52E-AD05CB6380BE,EE05DF62-BB19-46AB-89BF-5BFB87424BEA,3150,0,0,599,0,01:29.2,22:53.7,00:00.0,NULL,NULL,00:00.0,0,1,00:00.0,2025-2026,
476EA9D1-681E-4FDA-BE70-AD2BBA877C94,25889406-B1AD-4707-8441-246863A33A44,892,463,465,599,0,00:00.0,00:00.2,00:00.0,00:00.0,00:00.0,00:00.0,103,1,00:00.0,2025-2026,
CA57F800-7A80-4BA4-814A-AF7F4F4BE938,00287C1F-726B-41FA-888F-277C96DC05ED,1368,133,627,599,0,00:00.0,46:55.0,00:00.0,00:00.0,00:00.0,00:00.0,338,1,00:00.0,2025-2026,
7651178F-5BCB-492A-A1EB-B17B7F8C5A60,6D36087F-9C3F-41D1-90C1-F3D954072E63,4725,0,0,599,0,25:03.5,02:02.3,00:00.0,NULL,NULL,00:00.0,0,1,00:00.0,2025-2026,
85CA110E-9089-4ECD-BAD6-B30D5DF7F75A,0D82C088-94BC-471F-B4CD-0C60914E0756,1907,1386,976,599,0,00:00.0,NULL,00:00.0,00:00.0,00:00.0,00:00.0,94,1,00:00.0,2025-2026,
31822446-DF26-4E0D-916D-B3359E4FFD68,A2A5914B-FC3B-4B75-8BBC-B51793B1BF7A,3780,0,0,599,0,49:38.1,02:03.6,00:00.0,NULL,NULL,00:00.0,0,1,00:00.0,2025-2026,
86E2F7D3-CB4E-4FD2-AF82-B3380B3563EC,D992078F-BC3D-4347-8940-C19BEE1469F9,3528,0,0,599,0,31:00.3,36:05.8,00:00.0,NULL,NULL,00:00.0,0,1,00:00.0,2025-2026,
89758CBE-0EF8-483A-ABB1-B46F0A9A17CC,0745D386-4F6A-422D-B104-C2800D80BCD8,1513,916,604,599,0,00:00.0,00:23.8,00:00.0,00:00.0,00:00.0,00:00.0,212,1,00:00.0,2025-2026,
A64B4EA7-26FA-4EC5-AC9E-B4CB6387C11C,44480079-F2D8-4FFB-A949-3B5CF101C266,1339,726,472,599,0,00:00.0,06:43.3,00:00.0,00:00.0,00:00.0,00:00.0,37,1,00:00.0,2025-2026,
9F31DE5E-BE1E-43F5-B695-B521A7267269,60D762CF-7F70-4AA0-9F20-ECDCB70E5973,3587,0,0,599,0,11:50.3,NULL,00:00.0,NULL,NULL,00:00.0,0,1,00:00.0,2025-2026,
E82E61F0-A405-4F81-9C1D-B6F2539FFBF4,B83DD329-E11E-4ECC-8B98-7F9633ECCAB2,3150,0,0,599,0,57:03.0,10:58.5,00:00.0,NULL,NULL,00:00.0,0,1,00:00.0,2025-2026,
EAE49459-3993-4D04-9C51-B71292F07FAB,D6E8744F-3A0D-4782-8EBD-5677AF694B79,4748,3390,2246,599,0,00:00.0,34:38.1,00:00.0,00:00.0,00:00.0,00:00.0,79,1,00:00.0,2025-2026,
6B4B5EAD-9779-4891-AD23-B71B90EC2B12,E62699DD-94F6-4B6F-AABC-3721FBB962F2,945,0,0,599,0,52:35.3,NULL,00:00.0,NULL,NULL,00:00.0,0,1,00:00.0,2025-2026,
683217DC-BFEA-4AFF-B3CB-B7604643DAAF,C909D848-154D-46E6-8F46-1764C640FD01,3588,1,1,599,0,37:32.3,NULL,00:00.0,NULL,NULL,00:00.0,0,1,00:00.0,2025-2026,
F04969B7-D6C4-41ED-A562-B8A66FD2EC8A,CABE7321-EAA6-4072-9B3D-F5556A4706DF,1057,608,403,599,0,00:00.0,00:13.3,00:00.0,00:00.0,00:00.0,00:00.0,149,1,00:00.0,2025-2026,
543D2DB8-3EAA-4138-9D06-B9D8256F9582,D5C11795-6627-4B79-9DDC-7D8746CD4FCD,487,236,217,599,0,00:00.0,NULL,00:00.0,00:00.0,00:00.0,00:00.0,112,1,00:00.0,2025-2026,
4717C80A-1074-476D-8B5C-BB8BDD898E53,FA9903EF-5C22-494B-8C0F-3641B88C79DA,853,130,359,599,0,00:00.0,48:15.6,00:00.0,00:00.0,00:00.0,00:00.0,60,1,00:00.0,2025-2026,
BB3F548F-F441-4651-A0A2-BBB6031C47DF,80EE65F7-957C-4661-9806-D8F2AC915DAF,1336,1085,720,599,0,00:00.0,02:45.5,00:00.0,00:00.0,00:00.0,00:00.0,199,1,00:00.0,2025-2026,
4483DC2A-A962-4188-ACD2-BBD0B98BCD8C,D3FE8632-D7E6-4972-910A-3E92F4D8CBE7,3024,0,0,599,0,29:11.2,11:04.3,00:00.0,NULL,NULL,00:00.0,0,1,00:00.0,2025-2026,
97831A4C-9F67-4B66-8CAD-BC2EB3EA11FC,EAE68816-0356-41F3-A806-BC306FF997AF,1152,916,604,599,0,00:00.0,59:21.8,00:00.0,00:00.0,00:00.0,00:00.0,210,1,00:00.0,2025-2026,
57B59C08-CFDA-4007-8BC2-BCE210CAEC45,27FC1288-D45E-46EE-93C1-E3A8EB07F241,2232,1110,736,599,0,00:00.0,34:02.3,00:00.0,00:00.0,00:00.0,00:00.0,41,1,00:00.0,2025-2026,
A00D23B7-4041-4209-ACAC-BE82F9C443B1,A3BB5B6F-C550-4511-8B8D-9C0AFA18687F,2079,981,906,599,0,00:00.0,NULL,00:00.0,00:00.0,00:00.0,00:00.0,308,1,00:00.0,2025-2026,
DB2FA4A6-9718-4C7C-8323-BEE2CF7D81E7,6043A1A7-79C1-45EA-9BB4-1FC49E09E937,1575,0,0,599,0,11:27.1,09:32.4,00:00.0,NULL,NULL,00:00.0,0,1,00:00.0,2025-2026,
945C909C-9FCE-4DA7-A89C-BEEBBCF4994C,75DD556C-7CC7-4A05-869A-CEF0A93710B7,1103,339,203,599,0,00:00.0,04:01.8,00:00.0,00:00.0,00:00.0,00:00.0,335,1,00:00.0,2025-2026,
8CFE000E-CC2F-4505-B023-BF80FD9E6C2F,2A3EB0CA-013E-47A4-94FB-D007DDBB84A1,939,224,253,599,0,00:00.0,NULL,00:00.0,00:00.0,00:00.0,00:00.0,279,1,00:00.0,2025-2026,
C77FA9E2-D414-4BC1-A259-BFF760D482FD,10EC80D8-69C3-43E2-A796-6C178B3186C4,3562,1236,745,599,0,00:00.0,15:02.8,00:00.0,00:00.0,00:00.0,00:00.0,291,1,00:00.0,2025-2026,
B27AA85F-6E60-4A78-A114-C0DFB1B93A26,C3F4EE6B-1136-421C-8D5B-BFAA43CEFCE1,3588,1,1,599,0,26:03.4,27:57.6,00:00.0,NULL,NULL,00:00.0,0,1,00:00.0,2025-2026,
DC81643A-4E70-4CFF-85C4-C1B70E0FEC71,DEED19BC-98FC-4E78-90F5-DC6903731296,1842,804,685,599,0,00:00.0,42:22.3,00:00.0,00:00.0,00:00.0,00:00.0,307,1,00:00.0,2025-2026,
E73F8768-115A-46A1-BB1F-C201ED1B16E5,5839F5F2-4003-48CE-9C76-AA65EB3E7A00,1249,272,534,599,0,00:00.0,06:35.2,00:00.0,00:00.0,00:00.0,00:00.0,70,1,00:00.0,2025-2026,
9E375F17-7A1D-4B7F-8FAD-C2B8AFB8751B,CAE08DDE-D6A1-43E0-97BD-B72C1D8A303C,2319,950,1014,599,0,00:00.0,03:37.6,00:00.0,00:00.0,00:00.0,00:00.0,202,1,00:00.0,2025-2026,
D0DA1CA8-885C-488A-9237-C33929089A33,DC5CFED4-1FF7-444F-9708-6EC2C6358146,1491,1806,198,599,0,00:00.0,56:31.9,00:00.0,00:00.0,00:00.0,00:00.0,252,1,00:00.0,2025-2026,
D8871803-4927-49A5-99FA-C341BC7266B3,1C25260B-2AF1-4D10-81CE-2EDEBD696EE6,1222,709,472,599,0,00:00.0,55:50.4,00:00.0,00:00.0,00:00.0,00:00.0,143,1,00:00.0,2025-2026,
0085255D-3F8A-4FAC-B1B4-C34B01F55549,29F9ADBD-BCCC-4744-BE3A-395FB8F8C4AC,1877,116,213,599,0,00:00.0,22:58.3,00:00.0,00:00.0,00:00.0,00:00.0,332,1,00:00.0,2025-2026,
9DC72FFF-8883-4E16-B4FD-C3527BB1028F,1090DDB6-F7A0-4049-8FFE-16DF011639AC,432,57,136,599,0,00:00.0,26:53.6,00:00.0,00:00.0,00:00.0,00:00.0,222,1,00:00.0,2025-2026,
76282EA1-CDC8-4694-BEB0-C383A28805ED,3C0157EC-87E0-430C-AF1A-24393016D2D8,6032,4294,2470,599,0,00:00.0,57:17.9,00:00.0,00:00.0,00:00.0,00:00.0,44,1,00:00.0,2025-2026,
D1540287-3C68-41DC-A15D-C46C309F13DC,7F2481B3-1416-4BD8-81F4-DF14675D7A6C,1890,0,0,599,0,24:47.3,40:44.8,00:00.0,NULL,NULL,00:00.0,0,1,00:00.0,2025-2026,
F6F332B3-2811-4909-8C75-C620686A6480,587D4C3B-02A0-4958-B49C-670EA5D9E96C,3150,0,0,599,0,02:21.2,NULL,00:00.0,NULL,NULL,00:00.0,0,1,00:00.0,2025-2026,
66B5C40F-1A66-4B70-A4F6-C6DCF9CB3271,72E1D9F1-0304-4952-B3B8-630C12C10658,5744,3665,2416,599,0,00:00.0,40:13.2,00:00.0,00:00.0,00:00.0,00:00.0,1,1,00:00.0,2025-2026,
3C875ABA-4111-4FAA-9AA9-C7078B4F1130,79A91BFB-C960-45F7-9CB8-02F9F7AAA617,1877,116,213,599,0,00:00.0,55:30.2,00:00.0,00:00.0,00:00.0,00:00.0,316,1,00:00.0,2025-2026,
9FFF0259-0C6F-476E-9CF2-C8CF4E0AD9BF,57F75C20-A909-4DF0-B345-1D4881A56D32,1723,2491,542,599,0,00:00.0,38:50.3,00:00.0,00:00.0,00:00.0,00:00.0,271,1,00:00.0,2025-2026,
948C1942-1D19-4E26-B46C-CA09C195C875,384D148B-4C29-45F1-96D3-5E1B6BC5AF22,3528,0,0,599,0,31:39.7,35:49.0,00:00.0,NULL,NULL,00:00.0,0,1,00:00.0,2025-2026,
5D7EBC95-110D-467E-9334-CACD5CB609F6,B137DC9B-B5A7-4D31-A332-8A4EBC099573,4912,0,0,599,0,33:11.6,51:38.7,00:00.0,NULL,NULL,00:00.0,0,1,00:00.0,2025-2026,
9FAAED0C-53A5-41F4-A811-CB974C66E5F2,798A682B-79F9-42BF-9E88-9FACBA0BF517,1625,977,643,599,0,00:00.0,22:44.2,00:00.0,00:00.0,00:00.0,00:00.0,133,1,00:00.0,2025-2026,
4464A41A-DD13-4619-96F2-CE93B713FBF4,881EEC6B-BB54-4B6E-9B1D-A4C0154927A2,2016,0,0,599,0,02:31.9,34:03.3,00:00.0,NULL,NULL,00:00.0,0,1,00:00.0,2025-2026,
7F3325A3-0F89-4238-90DE-CF14C71240F6,3DC2F219-6A40-41BF-B51D-9CCA67DF74D4,696,47,403,599,0,00:00.0,14:35.3,00:00.0,00:00.0,00:00.0,00:00.0,22,1,00:00.0,2025-2026,
358ADD15-BF4B-4F9C-B600-CFD1B6154335,7BE79781-F523-42D3-A9AF-9290DF73F6F6,1877,116,213,599,0,00:00.0,08:49.1,00:00.0,00:00.0,00:00.0,00:00.0,318,1,00:00.0,2025-2026,
A513C01A-D339-482A-ABCA-D004E5E82A5A,DD1DE701-39B5-4584-82A0-EBA19EAEF419,532,75,179,599,0,00:00.0,55:38.2,00:00.0,00:00.0,00:00.0,00:00.0,269,1,00:00.0,2025-2026,
F5C07D2E-FAC3-4CC1-9DDB-D00C570244E3,D7208AB9-BF74-4539-84FA-FE7AFB7CD678,2952,1832,1216,599,0,00:00.0,55:33.4,00:00.0,00:00.0,00:00.0,00:00.0,50,1,00:00.0,2025-2026,
FA5C5643-17A2-4ED5-B9B8-D1152A37D635,AED485F6-8118-43FC-A103-85A1E30B9BF1,1299,567,751,599,0,00:00.0,10:02.3,00:00.0,00:00.0,00:00.0,00:00.0,169,1,00:00.0,2025-2026,
F03A1C26-C6BC-4D09-AF80-D2B7E8232829,DC92D5BE-C46F-478E-8799-B33FAF40D583,1034,289,426,599,0,00:00.0,54:48.0,00:00.0,00:00.0,00:00.0,00:00.0,57,1,00:00.0,2025-2026,
29548EBC-21E3-46D9-905A-D3D1534FBDA1,2FEBE5FD-49D2-4566-B8D1-4C557F319F49,716,66,159,599,0,00:00.0,42:43.9,00:00.0,00:00.0,00:00.0,00:00.0,295,1,00:00.0,2025-2026,
CC7CDBF5-57A9-4271-A5CF-D49D0A78044C,C599556E-E8BC-46D3-8D63-8A894A2163C7,1950,271,248,599,0,00:00.0,02:51.3,00:00.0,00:00.0,00:00.0,00:00.0,98,1,00:00.0,2025-2026,
C008718C-3F84-46EF-8C09-D4B381F8C517,421CB57D-4D01-4E7D-892B-491186462482,5119,2871,2153,599,0,00:00.0,54:41.8,00:00.0,00:00.0,00:00.0,00:00.0,9,1,00:00.0,2025-2026,
1E2D6189-EE5E-4136-B715-D83CECA71987,D045C75F-7DF2-4542-A4C5-6A90FBFE5226,873,84,327,599,0,00:00.0,50:42.9,00:00.0,00:00.0,00:00.0,00:00.0,276,1,00:00.0,2025-2026,
5076FC84-6953-4A24-A126-D89CF65E49C3,74254D90-EA9D-474C-A56B-66034A8C1CF3,764,456,178,599,0,00:00.0,17:28.9,00:00.0,00:00.0,00:00.0,00:00.0,33,1,00:00.0,2025-2026,
8AD2B203-908E-4AC6-880B-D91282F40277,8A9CE070-EA7E-48E4-8CF1-85ADAB336BDF,1266,938,627,599,0,00:00.0,11:56.9,00:00.0,00:00.0,00:00.0,00:00.0,171,1,00:00.0,2025-2026,
D474FA37-7EAF-4D38-BCC9-DA99E607ACC5,D52B63DB-464C-49AD-A5DB-0FDF915EA0FA,1102,881,581,599,0,00:00.0,56:43.8,00:00.0,00:00.0,00:00.0,00:00.0,145,1,00:00.0,2025-2026,
7E786BF0-185B-4E9D-AD70-DB5C29376F24,15D2DA32-BFFE-40FC-9818-8AF59E3DE58D,1118,1221,831,599,0,00:00.0,46:53.4,00:00.0,00:00.0,00:00.0,00:00.0,290,1,00:00.0,2025-2026,
DBB310EE-C71C-42B7-8414-DC0466E7F6D2,2EC1FBC9-46B8-4B88-BA6C-9A878D4DBA56,994,670,500,599,0,00:00.0,43:39.0,00:00.0,00:00.0,00:00.0,00:00.0,281,1,00:00.0,2025-2026,
FEB518F0-4009-4FB1-970E-DD1C52F3118E,EDFDEACE-2632-44B8-9896-397917190A61,1273,1341,519,599,0,00:00.0,55:47.9,00:00.0,00:00.0,00:00.0,00:00.0,264,1,00:00.0,2025-2026,
1888492D-9E94-4904-99A0-DDDD0BA26A12,1F9AF56B-5A27-4342-B05E-0BD3C06562B6,567,0,0,599,0,16:05.4,NULL,00:00.0,NULL,NULL,00:00.0,0,1,00:00.0,2025-2026,
1FB9F463-3634-44EE-ADFD-DE6F34EA9944,3F9419A0-6B8A-4391-AB01-5AE677D8BA97,713,377,348,599,0,00:00.0,43:53.3,00:00.0,00:00.0,00:00.0,00:00.0,312,1,00:00.0,2025-2026,
9584F022-7BBB-4C40-843B-DF65C003FADE,1CED60AA-7A43-45DB-B85F-B23AF6D2A185,3739,3409,2253,599,0,00:00.0,02:33.3,00:00.0,00:00.0,00:00.0,00:00.0,163,1,00:00.0,2025-2026,
D12E991E-BA3C-4AE9-ABA6-DFB6BB26BF87,01CC8092-3CC7-4C0A-A62D-331DFA927CB4,1020,280,627,599,0,00:00.0,52:07.4,00:00.0,00:00.0,00:00.0,00:00.0,296,1,00:00.0,2025-2026,
6AE2CDE0-1148-4A3F-9B7C-DFBE1CB353A4,D096A038-C7DC-4A53-BC00-63783CF3809C,3587,0,0,599,0,06:57.0,NULL,00:00.0,NULL,NULL,00:00.0,0,1,00:00.0,2025-2026,
6F0DA6BE-729C-42F8-9F8F-E05EF30119D3,112F64C4-2FE9-4ED9-B527-5381576794AB,630,0,0,599,0,30:23.5,35:08.8,00:00.0,NULL,NULL,00:00.0,0,1,00:00.0,2025-2026,
2971BD6B-96E9-48FA-A6ED-E0E687B18435,F74CEBD4-AFF3-49D1-8D42-A7ECCED59EF2,1076,154,465,599,0,00:00.0,40:47.5,00:00.0,00:00.0,00:00.0,00:00.0,16,1,00:00.0,2025-2026,
8A9E2C53-5C2B-4F73-ACD0-E15DB1FA4511,FB8830B3-3635-41A8-87A1-FFE3251EA063,1249,289,534,599,0,00:00.0,23:50.0,00:00.0,00:00.0,00:00.0,00:00.0,72,1,00:00.0,2025-2026,
E3D19488-058C-4A9A-ABB8-E1ADA4A0DB21,1E3DC84D-EF32-4863-A98B-32E12B851A4C,1701,0,0,599,0,23:10.9,31:49.7,00:00.0,NULL,NULL,00:00.0,0,1,00:00.0,2025-2026,
59A47FB3-5E85-4130-B49B-E28925CBBF0A,2B4F0E75-570B-414B-AC7E-B37EC9122D12,759,402,222,599,0,00:00.0,04:40.7,00:00.0,00:00.0,00:00.0,00:00.0,159,1,00:00.0,2025-2026,
72E6B1EB-A642-47C9-BA66-E371F51EDFB8,3D307954-8DBE-4034-B1B8-F2EB046F38C6,462,60,148,599,0,00:00.0,02:07.3,00:00.0,00:00.0,00:00.0,00:00.0,215,1,00:00.0,2025-2026,
73BA5F63-1EAE-49DA-BA45-E4377FDE106B,E3410BFF-1382-41FD-99CE-C50C037FE6DA,734,49,503,599,0,00:00.0,58:18.2,00:00.0,00:00.0,00:00.0,00:00.0,106,1,00:00.0,2025-2026,
0DC01705-BDBC-4511-8DC5-E4BE81451027,8ECA7B45-8A68-4CC7-B35A-3C3DD1A956BC,1249,289,534,599,0,00:00.0,31:06.5,00:00.0,00:00.0,00:00.0,00:00.0,67,1,00:00.0,2025-2026,
803263D0-A58C-454C-9CBF-E4CE23E68771,395004F3-B9DF-4CDF-BEB0-A026A9156CC0,283,0,0,599,0,52:14.4,38:50.2,00:00.0,NULL,NULL,00:00.0,0,1,00:00.0,2025-2026,
BA871E67-FE5B-4089-941D-E50021F4418B,EE021E15-E685-4768-B409-97DA2505BC3B,1670,1609,503,599,0,00:00.0,06:43.3,00:00.0,00:00.0,00:00.0,00:00.0,218,1,00:00.0,2025-2026,
B33F9FF8-BC9C-4608-9FF5-E55F3809143E,EE1EC17F-66E1-4AD5-90FC-6AFC5876D56E,3049,0,0,599,0,59:09.3,10:22.3,00:00.0,NULL,NULL,00:00.0,0,1,00:00.0,2025-2026,
6AD1C9CA-EC2B-4F79-8141-E69FAC30887B,80FCF1FF-F6E5-4780-A69B-56A154C62C06,1869,620,410,599,0,00:00.0,02:27.2,00:00.0,00:00.0,00:00.0,00:00.0,153,1,00:00.0,2025-2026,
240B460D-8909-4D64-9B96-E73AEC5A56DC,3196F0FE-01CE-421C-83E9-B3A195A415F6,2929,509,1425,599,0,00:00.0,12:13.8,00:00.0,00:00.0,00:00.0,00:00.0,96,1,00:00.0,2025-2026,
CBA443E1-5EC5-4ABD-BA08-E782A0CE4930,2A675254-4C8C-4670-A59A-9F2F0D62D5B9,895,102,346,599,0,00:00.0,21:00.1,00:00.0,00:00.0,00:00.0,00:00.0,275,1,00:00.0,2025-2026,
6D946C47-59C7-484D-AA41-E7D856D836F7,7CB0B010-B0E7-4761-8CAD-735C6211A391,3987,1743,1773,599,0,00:00.0,53:12.5,00:00.0,00:00.0,00:00.0,00:00.0,49,1,00:00.0,2025-2026,
AB666A2E-B404-430C-B4F5-E7F760AD227E,76FDB3C3-024C-4C37-98E1-587631D9F0DC,5119,2871,2153,599,0,00:00.0,49:01.5,00:00.0,00:00.0,00:00.0,00:00.0,5,1,00:00.0,2025-2026,
B68A166D-C040-4DE0-93E6-E842BA20E128,E4B984BA-618F-4C1E-9EAC-8EB7A6B86884,5123,2943,1369,599,0,27:29.7,NULL,00:00.0,NULL,NULL,00:00.0,0,1,00:00.0,2025-2026,
F824A56D-B355-4E4D-9A19-E86C6D28B0CF,F5649DE8-DB0E-4256-ABB0-24AD7F616DB5,4116,0,0,599,0,00:16.3,33:45.9,00:00.0,NULL,NULL,00:00.0,0,1,00:00.0,2025-2026,
57DDC57A-F31B-4C70-B140-E95AE61EA66A,E69204A2-DE94-4FE8-A91D-DF07D8702894,1921,0,0,599,0,53:18.4,10:38.5,00:00.0,NULL,NULL,00:00.0,0,1,00:00.0,2025-2026,
AC3F8401-7B19-4639-A294-E9A36DF7017C,66F689CB-AA94-4446-9E05-97DB4C011FB3,1964,1148,627,599,0,00:00.0,56:47.3,00:00.0,00:00.0,00:00.0,00:00.0,86,1,00:00.0,2025-2026,
262AF561-296C-4EB1-9C78-EAE2753E0C20,B03E981C-680D-4073-AAF1-B00B0E6CC3BB,3947,2434,2253,599,0,00:00.0,NULL,00:00.0,00:00.0,00:00.0,00:00.0,220,1,00:00.0,2025-2026,
46F414C0-3082-4AF2-B3B3-EAE61EBABC2C,BD3E5144-CB4A-43FB-8518-F52B65A48D85,6410,1,1,599,0,24:54.6,NULL,00:00.0,NULL,NULL,00:00.0,0,1,00:00.0,2025-2026,
A6962BF4-5FA1-47EE-8FBA-EC776DCC87E0,43DA5E34-D244-4B3F-B8BA-D752B6059828,2517,2442,906,599,0,00:00.0,25:31.2,00:00.0,00:00.0,00:00.0,00:00.0,242,1,00:00.0,2025-2026,
5BD575ED-D632-438B-868E-ECA82120B703,B121D3F5-AC53-4981-B2EF-98DF9CAE95BA,759,51,325,599,0,00:00.0,43:25.5,00:00.0,00:00.0,00:00.0,00:00.0,13,1,00:00.0,2025-2026,
4090F8A8-B44E-435B-90FF-ED284303547A,694C5299-3C79-4119-AB75-C6C2EAA9C282,759,271,348,599,0,00:00.0,NULL,00:00.0,00:00.0,00:00.0,00:00.0,97,1,00:00.0,2025-2026,
B95C6E7E-C57B-4083-A8D4-ED3D1DF7FD3E,272ADA54-F487-4C63-9446-F656A8EE127E,1008,0,0,599,0,15:05.9,09:54.8,00:00.0,NULL,NULL,00:00.0,0,1,00:00.0,2025-2026,
F2C1E912-EB1F-4636-BFB6-EE0C001D865D,3D6F2DCC-F37D-4E40-BB3E-4D8A712DBB5F,661,97,233,599,0,00:00.0,42:16.9,00:00.0,00:00.0,00:00.0,00:00.0,254,1,00:00.0,2025-2026,
F1915C28-BD72-44F3-9683-EE4A97C1F488,3DCC8B95-162D-4E59-9B37-6A818D946B7E,5090,1873,1735,599,0,00:00.0,54:21.6,00:00.0,00:00.0,00:00.0,00:00.0,17,1,00:00.0,2025-2026,
9CD1D5C4-2395-4ED9-879C-EE619E7E4909,CB66079B-6E2B-425E-BF77-B22DC6475E5E,3405,5188,1084,599,0,00:00.0,10:23.1,00:00.0,00:00.0,00:00.0,00:00.0,164,1,00:00.0,2025-2026,
165DC3AC-BDEF-42DB-825D-EEACED5D3391,4D49369B-1ED2-4B55-8F1D-4395329DE2B8,2043,975,906,599,0,00:00.0,NULL,00:00.0,00:00.0,00:00.0,00:00.0,64,1,00:00.0,2025-2026,
03DA5AE3-8A33-4074-9E67-EEFE9AE0DAF2,5FF9AD90-8013-478C-8C43-ABD93E82CADE,1301,1052,697,599,0,00:00.0,55:46.5,00:00.0,00:00.0,00:00.0,00:00.0,187,1,00:00.0,2025-2026,
0E2D1CD4-4D32-42E1-AFCE-EF0F460DFB3B,5D3592E8-F6EC-436A-9A73-1F9C915C5C05,1513,916,604,599,0,00:00.0,01:41.1,00:00.0,00:00.0,00:00.0,00:00.0,214,1,00:00.0,2025-2026,
044FE131-9216-4363-BD72-EF1E830656AE,69553D33-7462-4D39-846D-3E09D0126975,829,116,213,599,0,00:00.0,25:27.4,00:00.0,00:00.0,00:00.0,00:00.0,336,1,00:00.0,2025-2026,
A07747D5-76D0-4468-A002-EFDF4C049DD9,389C1EFA-B696-4F99-97F5-0A7BC92F0A26,3588,1,1,599,0,30:07.5,NULL,00:00.0,NULL,NULL,00:00.0,0,1,00:00.0,2025-2026,
BD3F5B81-82BB-4C49-A651-F05A873DC97D,05E5DBA6-6653-4450-B1F3-09F1DA91A58C,756,0,0,599,0,49:57.6,10:46.3,00:00.0,NULL,NULL,00:00.0,0,1,00:00.0,2025-2026,
766E8CA9-78C4-495E-AAED-F069037D723A,BC4BB8B4-1EFD-4268-8070-FB79F7390150,1034,289,426,599,0,00:00.0,04:47.6,00:00.0,00:00.0,00:00.0,00:00.0,52,1,00:00.0,2025-2026,
899008FF-4B8F-45F4-AE05-F10A86F8D959,BB8502C3-B7D6-472E-9140-B8413D2A145B,1249,289,534,599,0,00:00.0,25:48.9,00:00.0,00:00.0,00:00.0,00:00.0,69,1,00:00.0,2025-2026,
0768A39A-FD69-4A66-ACDF-F1C3473CCB20,07E2D623-60EB-4FF9-AE98-C683C15AD668,567,0,0,599,0,03:16.2,40:30.0,00:00.0,NULL,NULL,00:00.0,0,1,00:00.0,2025-2026,
6652D2A1-8B47-48DB-8C90-F203A4803B84,AD19B994-506E-43D2-A7C1-CFF692A00680,486,66,159,599,0,00:00.0,05:21.3,00:00.0,00:00.0,00:00.0,00:00.0,205,1,00:00.0,2025-2026,
16680192-0065-4EF6-9166-F2E919181E31,2BF00DD5-090C-4AE4-AAAE-F5866A170A33,1877,116,213,599,0,00:00.0,07:04.4,00:00.0,00:00.0,00:00.0,00:00.0,319,1,00:00.0,2025-2026,
11B25E95-4B99-44E3-9692-F2F5CB6E7B84,8EC0AFA0-7570-428B-8340-413655EF9110,829,116,213,599,0,00:00.0,28:40.6,00:00.0,00:00.0,00:00.0,00:00.0,326,1,00:00.0,2025-2026,
C50625C1-A231-47FA-8C1F-F3068054630F,D157D2D5-CFEB-4DE8-BD11-9A24E6C14FDB,1288,1609,305,599,0,00:00.0,02:28.8,00:00.0,00:00.0,00:00.0,00:00.0,216,1,00:00.0,2025-2026,
F98B4A1C-D1D1-4DF8-B758-F327E388256C,D6678DB4-D3C2-46D3-BD29-2CF45A24898D,1451,258,271,599,0,00:00.0,NULL,00:00.0,00:00.0,00:00.0,00:00.0,91,1,00:00.0,2025-2026,
64485524-9438-4C92-B120-F35AE95A9D5F,D85A9EF7-7885-4DDB-A157-4A2B1DA5E938,1074,848,565,599,0,00:00.0,45:39.7,00:00.0,00:00.0,00:00.0,00:00.0,247,1,00:00.0,2025-2026,
8A74627D-8D7F-4A57-B2DF-F4BCA620FB2B,6E0A6025-BA9A-440A-B7EA-7778F854756B,2822,1,1,1,0,01:14.0,01:29.8,00:00.0,NULL,NULL,00:00.0,0,1,00:00.0,2025-2026,
105A85A2-D8E2-4FF9-9035-F4C6475C81E8,7EFCEB03-B9A7-4769-B08C-8C07B89852C2,1640,984,650,599,0,00:00.0,21:00.8,00:00.0,00:00.0,00:00.0,00:00.0,183,1,00:00.0,2025-2026,
88C5D08C-5F29-4E01-A5D9-F69246B92028,DEB08839-4655-4A8E-B0C5-95434CAFAE4F,1198,938,573,599,0,00:00.0,48:26.9,00:00.0,00:00.0,00:00.0,00:00.0,245,1,00:00.0,2025-2026,
B4FCD865-B3AC-41DF-907B-F6E4459040DE,19CE23EA-3312-4B70-AC22-9B6838AAEFAF,4536,0,0,599,0,48:26.5,10:32.8,00:00.0,NULL,NULL,00:00.0,0,1,00:00.0,2025-2026,
6C561813-F54C-4045-8548-F74A95DC70A5,FF1D6A4D-9FCC-4055-B114-C1C984D0A6B7,5670,0,0,599,0,28:31.4,59:38.8,00:00.0,NULL,NULL,00:00.0,0,1,00:00.0,2025-2026,
92670FC2-B910-4E21-B056-F7FDF347E1D9,E40CBFE4-ACAF-4FFD-8CA5-D2888EC48071,601,62,356,599,0,00:00.0,55:35.5,00:00.0,00:00.0,00:00.0,00:00.0,104,1,00:00.0,2025-2026,
68C9152A-6B64-412B-8A76-F8D70FB66CB4,289B089C-AB21-495B-B8D0-C617982FCD93,1877,116,213,599,0,00:00.0,07:42.5,00:00.0,00:00.0,00:00.0,00:00.0,324,1,00:00.0,2025-2026,
A77DF127-36F4-4A1F-B87C-F8FC2FB7D90F,ADD8EA0A-E12A-4349-9F5F-F69152202676,4504,0,0,599,0,54:24.0,NULL,00:00.0,NULL,NULL,00:00.0,0,1,00:00.0,2025-2026,
C5503CAF-7DEC-4135-AA1A-F92EBB2517E1,6EC51B9E-F048-4B4E-AD6D-8C5794FAFFCD,1858,2491,241,599,0,00:00.0,11:14.4,00:00.0,00:00.0,00:00.0,00:00.0,123,1,00:00.0,2025-2026,
F7398171-127F-4564-97CD-FA09246A6444,D9FA2F67-C77E-43ED-8275-6ED4DFC023D1,1176,804,403,599,0,00:00.0,56:17.4,00:00.0,00:00.0,00:00.0,00:00.0,267,1,00:00.0,2025-2026,
BD589F57-B3F4-4B1A-8FDB-FA28FD9C5708,98A68AA3-B04B-4DAB-89DC-75D55F06874F,3069,129,403,599,0,00:00.0,14:46.2,00:00.0,00:00.0,00:00.0,00:00.0,31,1,00:00.0,2025-2026,
62E37C23-2754-436F-A480-FA442453FC0B,1DF111A5-CA77-4EEF-9D60-A86E8F4A60EB,3588,1,1,599,0,38:48.7,NULL,00:00.0,NULL,NULL,00:00.0,0,1,00:00.0,2025-2026,
F9BF36F9-7C22-444E-BDD3-FBFF252BB6E4,EC8814AE-DB00-4D81-8CBC-1880CF41CC4F,745,91,496,599,0,00:00.0,04:28.4,00:00.0,00:00.0,00:00.0,00:00.0,107,1,00:00.0,2025-2026,
42B7EA98-E53D-46B5-A6C7-FC32E35225E6,86094030-498A-4A44-B787-50A8E6421390,5090,2622,1735,599,0,57:03.3,07:46.0,00:00.0,NULL,NULL,00:00.0,0,1,00:00.0,2025-2026,
649BD315-40BF-4209-AAB1-FCB31EF742B6,6299814E-03DE-4066-9CDD-321C25CD139C,1595,1341,789,599,0,00:00.0,50:56.0,00:00.0,00:00.0,00:00.0,00:00.0,196,1,00:00.0,2025-2026,
567301F2-72D0-49E6-85B7-FCE6F729F678,9F5F1692-0F35-4135-BD05-39800147FA15,698,509,341,599,0,00:00.0,57:43.9,00:00.0,00:00.0,00:00.0,00:00.0,147,1,00:00.0,2025-2026,
C327267B-6A5B-47F2-8DDA-FDBC35868F87,5814FE66-18B5-4B45-89A6-83E168456EB9,1249,289,534,599,0,00:00.0,22:33.5,00:00.0,00:00.0,00:00.0,00:00.0,74,1,00:00.0,2025-2026,
153C9EC8-42FA-4698-8864-FE783CB66B03,E60E0733-9F71-41B9-9C14-8B74941E6EDC,771,132,325,599,0,00:00.0,43:05.2,00:00.0,00:00.0,00:00.0,00:00.0,15,1,00:00.0,2025-2026,
A04CD915-7008-423A-AECA-FEED7701B762,1D20A413-1E38-4FD0-9BA4-2868E9BBEA63,3150,0,0,599,0,01:10.8,NULL,00:00.0,NULL,NULL,00:00.0,0,1,00:00.0,2025-2026,
B7AA50AC-9DD2-4AF0-A2BC-FF446130EB3E,FE503B2A-EB4A-4B44-A06D-600763CBCB66,1877,116,213,599,0,00:00.0,24:30.9,00:00.0,00:00.0,00:00.0,00:00.0,328,1,00:00.0,2025-2026,
