ID,TENANT_ID,OUTSTANDING_TYPE,OUTSTANDING_AMOUNT,OUTSTANDING_AS_ON,CREATED_ON,UPDATED_ON
104D4F65-A4E1-4894-B03F-0096994F89A7,C599556E-E8BC-46D3-8D63-8A894A2163C7,1,0,00:00.0,45:40.2,45:40.2
0619D41F-0F00-4950-B78E-014E38C8EFF6,65013B8A-3963-4E6B-9A2A-ACAC538237E5,1,0,00:00.0,45:40.2,45:40.2
70A48C45-410D-4441-8337-028F6A9132EB,FBFABB6B-14A6-44F8-8808-14299AD2AA55,1,0,00:00.0,45:40.2,45:40.2
ADBE378C-C213-4087-B447-04E2538BF87A,842D2979-7B1D-4EC3-A11B-C5F5CFB7AF08,2,312,00:00.0,04:55.5,04:55.5
1807F951-9B24-4CE7-BFD6-07BFF006EFF0,120E5783-3F01-4825-9F72-11A819477ED1,1,0,00:00.0,45:40.2,45:40.2
EE290668-ED07-4CC6-905F-080A47C3CC48,3A397F2E-F4B5-424B-86CE-01DD3A48AD43,1,0,00:00.0,45:40.2,45:40.2
3F0F6273-1216-4684-B14B-083309BD8B98,698F2207-8FA3-4D80-B643-9046F17E9F0A,1,0,00:00.0,45:40.2,45:40.2
61EA7CDE-F378-44DD-8CE3-095F907C7173,AD19B994-506E-43D2-A7C1-CFF692A00680,1,0,00:00.0,45:40.2,45:40.2
289EC720-A491-44B8-B8BE-09AAFBF699FD,508342FC-D097-4C4D-AE9F-8BAC975F836A,1,0,00:00.0,45:40.2,45:40.2
91A4E9E1-8DB2-42B6-8C2C-0A12FF6E3D92,94FC61DA-6A57-469C-9FA6-F714FD94ED67,1,0,00:00.0,45:40.2,45:40.2
E5B1D9EA-1DA6-45A7-8A39-0A2F048B1C5B,D85A9EF7-7885-4DDB-A157-4A2B1DA5E938,1,0,00:00.0,45:40.2,45:40.2
0EE2D5B2-2548-4E8F-A64B-0A8CA0EB6827,F74CEBD4-AFF3-49D1-8D42-A7ECCED59EF2,1,0,00:00.0,45:40.2,45:40.2
959B1E77-542C-4A02-A175-0B0C74984AB5,2A3EB0CA-013E-47A4-94FB-D007DDBB84A1,2,274,00:00.0,00:57.1,00:57.1
C6E77D47-271D-47F8-BEE0-0B204CBB0CB5,BA3EF417-D8E7-4138-8D22-A675691B0C76,2,523,00:00.0,24:24.4,24:24.4
7B7CB1B3-D653-41EC-A17D-0B4756A516F3,1CED60AA-7A43-45DB-B85F-B23AF6D2A185,1,0,00:00.0,45:40.2,45:40.2
99D26B38-3ED3-4A19-A9EB-0B84015D87F8,98BFB102-B8FB-4906-9974-DE7DB67CCA19,1,0,00:00.0,45:40.2,45:40.2
08AA9AB8-0123-475D-A8BA-0BAC1502517D,317BD872-CEDA-4BB2-A31F-8BD256E09766,2,443,00:00.0,54:15.3,54:15.3
8C83ED80-91AF-47AA-AAE1-0BB07A73C57B,48BF3F34-CC02-4388-8FBD-954D0B62AAF6,2,0,00:00.0,24:54.9,24:54.9
4F164C3A-4874-4EF8-B4E0-0C870D92BE4D,44480079-F2D8-4FFB-A949-3B5CF101C266,1,0,00:00.0,45:40.2,45:40.2
B6581DAD-9E06-482A-80F1-0CCED22758FA,4D49369B-1ED2-4B55-8F1D-4395329DE2B8,1,0,00:00.0,45:40.2,45:40.2
F6B488E0-34AA-4ECC-823B-0D3B972B6C9A,28726F42-B86B-4320-93F9-BFD905826443,1,0,00:00.0,45:40.2,45:40.2
7C6A5D24-835B-4543-819B-0DACD973FD85,22DA7CDE-2511-488B-AFC9-56BD602B85E6,1,0,00:00.0,45:40.2,45:40.2
01390958-F4B6-4DA4-849F-0DEACA408D22,E1DDBD05-C75A-4A4C-AFD3-FA0B99699276,1,0,00:00.0,45:40.2,45:40.2
6A972B05-BE45-491F-AB3D-0F3DDC65A2C6,BA9CCCCD-F142-4642-9255-BCBDE276B675,1,0,00:00.0,45:40.2,45:40.2
1251577B-5E58-4C2C-9CA9-1038BC993F65,7876977B-5183-42F6-B963-BC289F914D4C,2,831,00:00.0,21:50.3,21:50.3
4C06C7F3-9898-48BC-BE91-110C42E1C562,163ACE12-22B5-4733-B98C-1D4441247CCE,1,0,00:00.0,45:40.2,45:40.2
EC50D978-E41B-475A-B3FE-1180494E4706,B36DA61C-FAC8-4F54-8830-D90608EDEA5F,1,0,00:00.0,45:40.2,45:40.2
3571CC65-98A9-42BA-969F-119FF7E30CE1,0CFE0ECB-FC16-4A65-9BF1-681C25359317,2,1253,00:00.0,42:47.4,42:47.4
66DB50BA-1C1A-4A9A-AAE6-137BB10E815B,D9FA2F67-C77E-43ED-8275-6ED4DFC023D1,1,0,00:00.0,45:40.2,45:40.2
75751EA3-535D-4A02-9836-139348CF7C38,8E6063C7-33D8-4F66-93AA-F54DEFEA4E79,1,0,00:00.0,45:40.2,45:40.2
B93B1349-BAEB-4D88-B7CB-13DFFF6FAA0F,27FC1288-D45E-46EE-93C1-E3A8EB07F241,1,0,00:00.0,45:40.2,45:40.2
B00F3134-1C5D-4B88-B8E3-154F08D8AB1F,383795D3-4C30-4EE5-8E23-23E33CEC3B7A,1,0,00:00.0,45:40.2,45:40.2
6143778C-02C9-4C25-9AE9-1BA127E47784,51A8A594-86B0-4C5D-A4C2-A40DFD1B19BB,1,0,00:00.0,45:40.2,45:40.2
A0DD02E4-CBA8-4CAC-BD18-1C0321026050,9A34393C-47ED-4423-9E05-B2DC7D96278F,2,208,00:00.0,53:53.5,53:53.5
B5AE54B0-8F8B-42C0-8065-1C12C59EACB4,BA3EF417-D8E7-4138-8D22-A675691B0C76,2,523,00:00.0,24:42.4,24:42.4
12691B65-76B0-468C-933D-1E6E829B282D,20195576-025C-4828-85C8-A094CF5604A4,1,0,00:00.0,45:40.2,45:40.2
E44445D8-A8D1-4610-876C-1EDB1A025026,10EC80D8-69C3-43E2-A796-6C178B3186C4,1,0,00:00.0,45:40.2,45:40.2
131A7304-5190-4264-8D88-1F235524F087,8136699F-149A-4A46-9682-8EB116776CE4,1,0,00:00.0,45:40.2,45:40.2
13C6ED66-6493-484E-B446-1FDDB375D660,AB915ED8-FE16-4CCC-A45B-6C6604E78DD4,1,0,00:00.0,45:40.2,45:40.2
6F3F6ACF-ABEC-48FE-BD3B-209FF2C66B57,0745D386-4F6A-422D-B104-C2800D80BCD8,1,0,00:00.0,45:40.2,45:40.2
67C77E35-D6CF-4186-92D6-20B31215C331,C5A7A58B-476E-4DE3-8B04-8496217C4726,1,0,00:00.0,45:40.2,45:40.2
9639931F-411B-4910-8D5F-2282DF710689,842D2979-7B1D-4EC3-A11B-C5F5CFB7AF08,1,0,00:00.0,45:40.2,45:40.2
31409208-233F-4907-9041-22E1C341545F,38C3C10D-8C78-41D4-BD49-C6249CAB2076,1,0,00:00.0,45:40.2,45:40.2
AB1D45EA-B4AE-413F-B1A0-234EFF871772,2410DBC5-5E1C-47C0-8344-2CC879274C93,1,0,00:00.0,45:40.2,45:40.2
0915DA8A-8F17-4E0B-B84B-2417C1CD9176,B9A240AF-985B-4AFA-851D-79A106F05AEF,2,144,00:00.0,54:43.0,54:43.0
57960CE9-E5FA-40CA-8773-246B922F32AA,67799C59-9CFC-4977-B34C-C5A27B31B5E8,1,0,00:00.0,45:40.2,45:40.2
507B4FE4-B9F9-481E-9EFC-24A1D64D834F,C027D0ED-C078-4860-A157-BE5BBC06BA90,2,129,00:00.0,17:07.5,17:07.5
43BF3EF8-4916-441D-97E7-25F0FB77DDF9,DE83F39C-974F-4A48-A562-0E363705F21C,1,0,00:00.0,45:40.2,45:40.2
51A7DA58-A9EE-4A98-BD5E-25FF2C30E739,EF04F250-6C1D-43AA-AF5B-4B92A407B929,1,0,00:00.0,45:40.2,45:40.2
46712BBD-F9A2-46AD-A3C0-26D0B01E7DDF,7A39E86A-9098-4BB7-A2A2-FDF23557C1EA,1,0,00:00.0,45:40.2,45:40.2
9DB62F2F-4E50-4A40-AED6-27C80AD850BE,EEB687EF-A186-4916-8591-3512DEFC43D6,1,0,00:00.0,45:40.2,45:40.2
B3D9DADD-7859-4959-9C1C-28B569ADC97F,E5A61898-8081-41CD-8D54-EE637C2019F3,1,0,00:00.0,45:40.2,45:40.2
A7D04C13-66A7-4E1A-9303-28C5556A267C,DADCC7D5-B425-440A-9635-E840F5099088,1,0,00:00.0,45:40.2,45:40.2
695DD0FF-73FF-4E10-89F4-2958ADBCA110,C0DCBA1C-2662-49AC-8773-C6336B28245F,1,0,00:00.0,45:40.2,45:40.2
06AA0350-A98D-4465-85CA-29FD74E5D288,9D23F3D1-E14F-4684-A02A-7AAE0F9035B4,1,0,00:00.0,45:40.2,45:40.2
8A86CAB0-D3A8-4FFC-BE36-2B447BE7F21E,DC92D5BE-C46F-478E-8799-B33FAF40D583,1,0,00:00.0,45:40.2,45:40.2
5C6EACF0-156C-4C4D-9782-2C32791A73B2,C027D0ED-C078-4860-A157-BE5BBC06BA90,2,129,00:00.0,16:53.9,16:53.9
3257D1C7-1F43-4BA2-990C-2C8C104709F0,7876977B-5183-42F6-B963-BC289F914D4C,1,0,00:00.0,45:40.2,45:40.2
5C06DED0-5131-40FD-91B6-2CD492653074,7172E4A7-D727-438E-9C8D-97FC8FD4BFE7,2,0,00:00.0,09:59.6,09:59.6
D626B069-AB30-40C4-9AF8-2E7A32561BFD,2443B867-9636-4F81-8EB1-CF7091690410,1,0,00:00.0,45:40.2,45:40.2
979EAC6F-EB1C-404F-99CD-2EA812BB4469,E3410BFF-1382-41FD-99CE-C50C037FE6DA,1,0,00:00.0,45:40.2,45:40.2
638BFED3-A15C-4D44-8C1A-2EB39D0E01C9,68A73A96-EF6F-4DCF-A887-69B3BB9DFDD6,1,0,00:00.0,45:40.2,45:40.2
830991F4-15F3-495A-A617-2FC97F5C3743,A3BB5B6F-C550-4511-8B8D-9C0AFA18687F,1,0,00:00.0,45:40.2,45:40.2
AC38E3FD-168E-47D4-BDB3-30982E30D823,E1DDBD05-C75A-4A4C-AFD3-FA0B99699276,2,761,00:00.0,50:22.5,50:22.5
01A55E31-4B27-467F-9A24-30B39B7950C4,2D4E4DFD-286F-439D-93A1-6C282F7A0D8F,1,0,00:00.0,45:40.2,45:40.2
11274D31-539E-4AED-9E6A-311E12A089AB,B8EE3D89-59FC-4812-84AA-5F15830EEEEE,1,0,00:00.0,45:40.2,45:40.2
2F620CCA-BD4F-4A67-BBCF-3143FB4BBC05,6663FDED-4277-47E8-90C9-34A5294506AB,1,0,00:00.0,45:40.2,45:40.2
C77E661B-3040-45E2-B164-3222785ADF22,69553D33-7462-4D39-846D-3E09D0126975,1,0,00:00.0,45:40.2,45:40.2
03065BAE-FFA7-44B2-B33E-33F1F75A6FCE,C2D43DF8-8BCC-4108-8DD7-9D8598A8792F,1,0,00:00.0,45:40.2,45:40.2
B1AA51AC-CAA4-49E5-AEC5-33F8431706EE,01DD8611-D92D-4CB9-9995-F77A35F78732,1,0,00:00.0,45:40.2,45:40.2
96BADCA0-BCDF-41C9-AC60-35ABD7E5FE9B,3196F0FE-01CE-421C-83E9-B3A195A415F6,1,0,00:00.0,45:40.2,45:40.2
EDE96EFE-A50A-4508-BD9A-35B852769092,E40CBFE4-ACAF-4FFD-8CA5-D2888EC48071,1,0,00:00.0,45:40.2,45:40.2
CAAB6506-32FA-4DD8-9D2A-35F286CCE379,0510A15B-E068-498F-82FB-B4B56C769EE7,1,0,00:00.0,45:40.2,45:40.2
0BCF94F0-F0D7-4027-9017-36103A42DE4E,504F1F65-1A9B-4732-ABD9-206874B4CF46,1,0,00:00.0,45:40.2,45:40.2
F227927C-E7B9-433A-B0D5-365F64087836,15D2DA32-BFFE-40FC-9818-8AF59E3DE58D,1,0,00:00.0,45:40.2,45:40.2
430664C5-C5FC-4233-9FC7-390C3075248D,D157D2D5-CFEB-4DE8-BD11-9A24E6C14FDB,1,0,00:00.0,45:40.2,45:40.2
CC02AC5E-A293-48C5-A14A-3915995CE1B0,AB2BFB83-C11E-4277-B468-EB9027B3B18A,1,0,00:00.0,45:40.2,45:40.2
CD45106A-26F5-49CE-8F83-3A2B267056A6,DF64FB6D-83BF-49AE-A244-001FFD87F9BE,1,0,00:00.0,45:40.2,45:40.2
B16A80C7-EC5E-4657-B5C5-3AEE0668A609,3D6F2DCC-F37D-4E40-BB3E-4D8A712DBB5F,1,0,00:00.0,45:40.2,45:40.2
991AD2E2-A4D1-4946-89A9-3C359FF3C111,BB8502C3-B7D6-472E-9140-B8413D2A145B,1,0,00:00.0,45:40.2,45:40.2
01B0139A-4E65-43A6-896B-3DE1DB80D2B1,3DCC8B95-162D-4E59-9B37-6A818D946B7E,1,0,00:00.0,45:40.2,45:40.2
66D726EF-8A2A-4018-8718-3E1EE596E2BF,FC668B90-24F1-49E9-B571-9C8F7709969A,2,711,00:00.0,10:53.1,10:53.1
56DAA802-7805-41E4-8574-3E253CB5FA82,27FC1288-D45E-46EE-93C1-E3A8EB07F241,2,1995,00:00.0,48:44.3,48:44.3
9D490904-7302-467D-964E-3E2560B6F329,26EFCDFA-A066-4B52-AEB4-A5F2EB304D03,1,0,00:00.0,45:40.2,45:40.2
84A04514-6F0D-4EA0-A040-406EAED77857,CB66079B-6E2B-425E-BF77-B22DC6475E5E,1,0,00:00.0,45:40.2,45:40.2
E17AEE6F-B9D4-4764-BE78-421E94D6B53F,1515FEE1-1EB3-4C88-8333-F669FDB8D2CF,1,0,00:00.0,45:40.2,45:40.2
54405D59-D5FF-4CFA-851E-422C93EB90E7,B121D3F5-AC53-4981-B2EF-98DF9CAE95BA,1,0,00:00.0,45:40.2,45:40.2
C9B1D278-D1DD-40EE-B343-4294A78FE0E4,B9960A25-7F15-4304-9DA5-126847F381C1,1,0,00:00.0,45:40.2,45:40.2
2C5CCD0E-C350-41AF-B15E-43B627EA33C0,DA6E01BB-2AB1-4A5B-A77A-C915A38A20EF,2,754,00:00.0,01:43.7,01:43.7
BAA51814-CBA8-4A39-AEEE-44BAD91CA292,925CB0BC-B681-4978-AAD5-D64F3B7E21CE,1,0,00:00.0,45:40.2,45:40.2
138E7F7D-D444-418D-AC49-453B7BB8CF12,14AE5195-02FD-4E0A-BE0D-F2A10F630FB8,1,0,00:00.0,45:40.2,45:40.2
DFB18BE7-BB61-4A89-A1B9-45D974AEA1FC,8A9CE070-EA7E-48E4-8CF1-85ADAB336BDF,2,1562,00:00.0,23:34.9,23:34.9
BC6B70D1-8E37-42DA-A696-4659A2940182,62BC4010-A31F-4FE0-A29B-DE75D9E1F796,1,0,00:00.0,45:40.2,45:40.2
51B96EBC-1A2B-4CD9-880C-47633BDA6038,2A3EB0CA-013E-47A4-94FB-D007DDBB84A1,1,0,00:00.0,45:40.2,45:40.2
48E6E72E-568B-46B2-B027-485069F98FA9,9453ECCD-7DD8-4574-88E0-45B96C3F1570,1,0,00:00.0,45:40.2,45:40.2
1CF9AFF7-D39E-44F8-9953-48D9F710D28E,47753C18-1FAF-4DA8-A29E-98BB0A083D9B,1,0,00:00.0,45:40.2,45:40.2
4CB5BDF4-81AB-46F0-AB8E-48F9FB854BCC,A7CC9E9E-90F1-4FEA-9556-0E172841A646,1,0,00:00.0,45:40.2,45:40.2
834D9B07-98C0-4740-8935-49190F52E5A5,0CA693AD-871B-401F-9EA4-DDC690B1B777,1,0,00:00.0,45:40.2,45:40.2
C3A40430-2B10-4DEB-B020-497735ADC751,F62BB2FB-DF06-4CEA-BA06-02815718C870,1,0,00:00.0,45:40.2,45:40.2
EEB66AB8-3787-441D-9473-49AE64AA559D,317BD872-CEDA-4BB2-A31F-8BD256E09766,2,443,00:00.0,54:27.2,54:27.2
DC56B1A5-7958-49CF-B997-49B3293A77BF,9A0FF731-26BC-42E5-AFC2-9B28B03EE9DB,1,0,00:00.0,45:40.2,45:40.2
E71C8D4C-34FA-4AAA-B35F-49F89D32A887,B8E9601E-689A-44E2-A76D-C81A60510BBA,1,0,00:00.0,45:40.2,45:40.2
927B4189-4866-44AE-A875-4B8B128EBDAD,3C0157EC-87E0-430C-AF1A-24393016D2D8,1,0,00:00.0,45:40.2,45:40.2
277F8576-A139-4BF7-A30D-4BBD01F12FD0,C68FB49D-A674-447F-A204-7199F61B9B81,1,0,00:00.0,45:40.2,45:40.2
0CAF6837-A9B8-4197-9DA9-4BD056C258B3,D4EF1932-F4F7-4CAF-A97F-996A29A4D2ED,1,0,00:00.0,45:40.2,45:40.2
752C336F-D8E1-47A8-B472-4D22DFF589A8,4A840EE3-C3DF-4C80-8F1C-D039E84EC07F,2,551,00:00.0,21:12.4,21:12.4
FFEEFED0-40B7-42B9-AB84-4D35F01F9DB2,694C5299-3C79-4119-AB75-C6C2EAA9C282,1,0,00:00.0,45:40.2,45:40.2
2BA323CA-52AC-40C7-9458-4E1432272FF4,0D72E715-C02C-404C-9324-EE842733298B,1,0,00:00.0,45:40.2,45:40.2
AF95984B-CADF-434D-A183-4E4E64F25952,FA9903EF-5C22-494B-8C0F-3641B88C79DA,1,0,00:00.0,45:40.2,45:40.2
E6EB69F1-2005-457E-B50D-4E4E9E19D2C5,36A23963-498D-4C7D-8C41-8082F4003636,1,0,00:00.0,45:40.2,45:40.2
173062D7-3618-49EE-968B-4EFAA55A2D3F,DD5C9C2A-5B73-4790-8C02-D3A0A7EC88D2,1,0,00:00.0,45:40.2,45:40.2
10C012A6-6315-43D6-8C34-50FAE8701A63,4D719F99-08D1-4964-8C85-642A68B09274,1,0,00:00.0,45:40.2,45:40.2
E0D80D4A-FA4B-49FC-8C8C-51B2CE49DB89,E0B4179E-1CB7-4D96-BEDD-C504A375ADD9,1,0,00:00.0,45:40.2,45:40.2
D3905896-D58D-4B57-915D-51E93C918D53,7EFCEB03-B9A7-4769-B08C-8C07B89852C2,1,0,00:00.0,45:40.2,45:40.2
BFF73CFC-99D7-4B4A-8C1A-51EFE48F9A5E,CABE7321-EAA6-4072-9B3D-F5556A4706DF,1,0,00:00.0,45:40.2,45:40.2
E1995208-D9C8-4C4D-9F6D-52070D70C540,6405D7C1-A28A-4270-AB39-4A0D8F9A1C39,1,0,00:00.0,45:40.2,45:40.2
FBBF7A8F-CA03-4CFF-B9A1-522FC094F3AC,942D5B2A-21AE-47C3-9AFC-3A3807F22A58,1,0,00:00.0,45:40.2,45:40.2
1809775B-5E76-4655-9337-5241CAB1B225,01CC8092-3CC7-4C0A-A62D-331DFA927CB4,1,0,00:00.0,45:40.2,45:40.2
EA136528-0524-486E-95BE-52BAA9E951D5,057DB3BD-B64F-44E2-ABE4-AE5B565B77AF,1,0,00:00.0,45:40.2,45:40.2
F95D7861-1290-45E6-8F22-53E7702A9E3F,AE05B6B1-E01E-43C7-8541-4CF297808F6F,2,2412,00:00.0,08:40.9,08:40.9
9763E2D5-9B8A-41CE-AAA9-5415DCADC84F,BC03FF0E-B4CC-4A6E-BCB6-725272F7D03C,1,0,00:00.0,45:40.2,45:40.2
26E66B82-F57A-4EDB-AF35-54240120EF1A,9E82F387-0F76-471C-8DEB-9067976A769B,1,0,00:00.0,45:40.2,45:40.2
5325B010-A442-4A49-87EB-548CD3D6F63B,DEB08839-4655-4A8E-B0C5-95434CAFAE4F,1,0,00:00.0,45:40.2,45:40.2
D6580D9C-9237-443C-B4B8-54AD0A49EF40,B2B6F1EA-0473-4BEB-BF34-D00EC7BB5040,2,192,00:00.0,27:22.1,27:22.1
278F0FF8-9A23-4AD3-90B9-553F76A8D73A,CB741910-3CF1-4698-8CAE-0C09E2BEBCAE,1,0,00:00.0,45:40.2,45:40.2
5D7C81FE-154A-47AE-92CE-558523BD0A3B,EDFDEACE-2632-44B8-9896-397917190A61,1,0,00:00.0,45:40.2,45:40.2
1B92A634-60A8-4784-8742-55EB1318C101,062EE4F8-D6F2-4DF9-9145-31747C0EB31A,1,0,00:00.0,45:40.2,45:40.2
37DD6E12-7BF4-4E0D-97F6-55F57A8E2A69,2D4E4DFD-286F-439D-93A1-6C282F7A0D8F,2,4220,00:00.0,15:12.4,15:12.4
76E31F15-2380-4190-9AD9-560E4FD120D4,2D4E4DFD-286F-439D-93A1-6C282F7A0D8F,2,4220,00:00.0,00:16.1,00:16.1
16FF1723-122B-4122-A1DA-5678C72AA1C9,B9A240AF-985B-4AFA-851D-79A106F05AEF,2,2245,00:00.0,31:54.2,31:54.2
EEE5F037-32D6-4DC7-90A9-573C46343CAE,B9A240AF-985B-4AFA-851D-79A106F05AEF,2,468,00:00.0,32:12.1,32:12.1
A170FB5D-6D38-4E7E-A313-576E09278840,0CFE0ECB-FC16-4A65-9BF1-681C25359317,1,0,00:00.0,45:40.2,45:40.2
593305D7-626E-406F-B1F2-578704D73E0C,DD1DE701-39B5-4584-82A0-EBA19EAEF419,1,0,00:00.0,45:40.2,45:40.2
E8B01C94-BA44-4823-92C8-5826F8C6CA42,3CF9C61C-6B22-4A24-9704-09455F15EBD2,1,0,00:00.0,45:40.2,45:40.2
EF035AFE-CD03-4766-8F1B-5891A21572A9,129A6141-76DC-4DD0-9C42-B89BC152EC8B,1,0,00:00.0,45:40.2,45:40.2
3D3288C1-7E8F-45F9-B935-590F119CEB5C,B9A240AF-985B-4AFA-851D-79A106F05AEF,2,144,00:00.0,55:37.4,55:37.4
0223FF9C-4C66-4773-AE01-59C182ECDCB0,CCD8E7D5-3643-4713-ACC9-A17C5889AE11,1,0,00:00.0,45:40.2,45:40.2
797E8E39-596F-4E17-B766-5A09EDD31C59,80EE65F7-957C-4661-9806-D8F2AC915DAF,1,0,00:00.0,45:40.2,45:40.2
7C8B22D3-E662-4EFA-BB2B-5A66E045FEA5,06073EFF-7924-4F01-B561-348B85499717,1,0,00:00.0,45:40.2,45:40.2
05F0168A-946F-47AC-86F7-5AA7B10E696E,9F5F1692-0F35-4135-BD05-39800147FA15,1,0,00:00.0,45:40.2,45:40.2
5A2A9462-C322-4823-AB7A-5B2EE9EA7F51,6B06784B-7555-4E92-8DD2-168494020CD4,1,0,00:00.0,45:40.2,45:40.2
F084983B-39C5-4296-94D5-5B50851DF95B,D89FE7FA-F970-4CF3-9E64-0A1D460F4175,1,0,00:00.0,45:40.2,45:40.2
FCF8F552-D41E-4159-A24F-5C2A708FA9AC,76FDB3C3-024C-4C37-98E1-587631D9F0DC,1,0,00:00.0,45:40.2,45:40.2
E9470A28-5187-4ADB-9478-5CEADF9B45D1,AED485F6-8118-43FC-A103-85A1E30B9BF1,1,0,00:00.0,45:40.2,45:40.2
F1545396-03E7-42CE-9C96-5CF9B6C6BD4F,707A8B97-BC97-49B2-881E-3910FD574CBF,1,0,00:00.0,45:40.2,45:40.2
3A1BE8D0-7F6F-4CEC-A68D-5D82B3B2F23C,89F76D8F-F18E-4335-A08F-97746DD4835D,2,2065,00:00.0,36:51.5,36:51.5
04046CA1-52FE-4E64-8B09-5DAB52DC78D9,9C2A2ADE-57F9-4C32-BBAD-3FD774646EF4,1,0,00:00.0,45:40.2,45:40.2
4B3D80E1-C1FC-4516-81A2-5F2EF73159D7,FB8830B3-3635-41A8-87A1-FFE3251EA063,1,0,00:00.0,45:40.2,45:40.2
CA4E6C9D-D165-41B2-8FA3-6037188322E3,E198652E-2068-43CE-9A82-F1C0F9411BB2,1,0,00:00.0,45:40.2,45:40.2
F5BB8370-C77C-4AA7-9E25-611D01F37BD4,57C16D9B-E572-427D-AA4C-8A620CF4058E,1,0,00:00.0,45:40.2,45:40.2
76C746E2-02BA-4625-950E-612B7E8B5514,0334F44B-A71B-4A4B-AA0D-3D3F43123117,1,0,00:00.0,45:40.2,45:40.2
47E31D48-9454-418E-8856-62674E3D516F,5F6785A1-EEEF-45F9-B103-5D5594024EBA,1,0,00:00.0,45:40.2,45:40.2
EC6E004E-F631-4162-AFA4-62BA461D86B8,29F9ADBD-BCCC-4744-BE3A-395FB8F8C4AC,1,0,00:00.0,45:40.2,45:40.2
A44EE650-3B71-434B-A0E2-62C5D1C6B366,BA3EF417-D8E7-4138-8D22-A675691B0C76,1,0,00:00.0,45:40.2,45:40.2
9DE38289-B3B1-4ADA-AC43-63433C9A6B1B,40AB16E3-FBF1-4176-AE6A-CBA9D8F2D8E6,1,0,00:00.0,45:40.2,45:40.2
DDC2FF75-4EBD-42F5-8128-63914B5B9BB6,B9A240AF-985B-4AFA-851D-79A106F05AEF,2,2010,00:00.0,30:18.5,30:18.5
0A80269C-E909-4CDD-AA58-639AA8937A13,49AA8F02-B8D6-4F1A-8DE0-8C6310D8B183,1,0,00:00.0,45:40.2,45:40.2
545682FA-F1AF-4257-AFB1-63CBFD58D126,B9A240AF-985B-4AFA-851D-79A106F05AEF,1,0,00:00.0,45:40.2,45:40.2
0429FB83-9EC1-4ED9-A507-641EDED64D11,8ECA7B45-8A68-4CC7-B35A-3C3DD1A956BC,1,0,00:00.0,45:40.2,45:40.2
857F554E-365A-4AB9-9448-65DE8734375D,8F927575-11A3-4535-B6BC-AD12178E4B1C,1,0,00:00.0,45:40.2,45:40.2
D47835E1-657C-4D11-8013-663625BFEAA7,FEB673E4-3A4F-45BB-9CD9-AB6B57D977B4,1,0,00:00.0,45:40.2,45:40.2
270EDAAA-4159-457B-B581-66E155E1E55B,317BD872-CEDA-4BB2-A31F-8BD256E09766,1,0,00:00.0,45:40.2,45:40.2
A35A1669-5194-415C-A9C3-67FD82CE4264,27FC1288-D45E-46EE-93C1-E3A8EB07F241,2,1995,00:00.0,24:37.5,24:37.5
3A9B5864-070C-466B-AB92-68C8C21904EE,082EA1F3-52E1-4FD9-AA45-238A185BC3F7,1,0,00:00.0,45:40.2,45:40.2
EFDAE7EE-CDCD-460F-B142-68D97238D38F,85F962B6-32F5-4501-9FE9-1F725D37040D,1,0,00:00.0,45:40.2,45:40.2
B35AE0DF-1704-41DE-B74A-68F20D853872,2D4E4DFD-286F-439D-93A1-6C282F7A0D8F,2,0,00:00.0,24:30.7,24:30.7
7699EFE3-E734-4E54-A49E-690522B8BF47,AB915ED8-FE16-4CCC-A45B-6C6604E78DD4,2,244,00:00.0,06:48.2,06:48.2
66EEB6DC-4DFA-49DC-A2AB-691A059FE833,8956479F-EBD3-4D93-A762-BC654BD4F5D9,1,0,00:00.0,45:40.2,45:40.2
1E08FC2B-882E-4EC6-961E-6925AA96C7F9,2BF00DD5-090C-4AE4-AAAE-F5866A170A33,1,0,00:00.0,45:40.2,45:40.2
757C144A-6CD9-488E-9D2F-69B5BF5E2F0E,317BD872-CEDA-4BB2-A31F-8BD256E09766,2,443,00:00.0,54:36.9,54:36.9
5319B13B-E147-441C-AEC7-69B6F506EA3C,AD5F1E23-8261-4676-930D-07C3A10870F2,1,0,00:00.0,45:40.2,45:40.2
4E706B28-5DCA-40C7-99B8-6B9F659D6D86,A7CEDAD6-5E11-47B5-8963-2806C9E361DA,1,0,00:00.0,45:40.2,45:40.2
557C2C9D-EEC0-40DE-8A44-6CEF74643B0B,4A840EE3-C3DF-4C80-8F1C-D039E84EC07F,2,551,00:00.0,20:58.9,20:58.9
A81457C4-C9CA-4F43-BCB3-6EF74512E002,CC3F8BA3-71F2-4BB1-B7A8-DAAA1DFC309D,1,0,00:00.0,45:40.2,45:40.2
BA830B07-0ECE-42D7-9348-71090DCEE998,B9E338EA-6F4B-4CFF-9712-4B83A299E405,1,0,00:00.0,45:40.2,45:40.2
20BCF4EF-586B-4BD6-B713-715D923E0392,5839F5F2-4003-48CE-9C76-AA65EB3E7A00,1,0,00:00.0,45:40.2,45:40.2
C9B09081-7376-4C43-8321-7253F9E85D34,E1DDBD05-C75A-4A4C-AFD3-FA0B99699276,2,761,00:00.0,50:02.5,50:02.5
4EA8B239-82EA-4CA3-BE6F-73294D22370A,842D2979-7B1D-4EC3-A11B-C5F5CFB7AF08,2,312,00:00.0,04:45.8,04:45.8
1C2D0D02-DAA1-4128-BE13-735D20726500,E9672A4E-5D87-4263-A8DF-38DCFC2198FD,1,0,00:00.0,45:40.2,45:40.2
F2BC1B69-C56A-4A5F-86D3-735D7DE1B06C,89F76D8F-F18E-4335-A08F-97746DD4835D,2,-2065,00:00.0,21:04.4,21:04.4
2F9B87D6-F362-4C7B-89EE-739093F32E69,D78A2727-BA30-40C0-9B7A-B384340EE7DC,1,0,00:00.0,45:40.2,45:40.2
3E160DB2-AE8D-4963-9AC9-73B41248E9F1,85637640-115A-4924-909B-DAEEEBF9A922,1,0,00:00.0,45:40.2,45:40.2
3D4E2BD4-0C59-4717-9603-73FF224A8C7A,48BF3F34-CC02-4388-8FBD-954D0B62AAF6,1,0,00:00.0,45:40.2,45:40.2
1C8FEE2E-E27F-4E0B-B410-77FB873F1F42,FC668B90-24F1-49E9-B571-9C8F7709969A,2,711,00:00.0,10:09.0,10:09.0
1147B9F6-FED7-4674-84F9-7824C1E77915,C027D0ED-C078-4860-A157-BE5BBC06BA90,2,129,00:00.0,17:20.0,17:20.0
53E8FED9-C324-4C9B-827C-782AE11B5CAC,BF70F47D-EC0C-434A-8F9F-7C7D985D1D73,1,0,00:00.0,45:40.2,45:40.2
85A9B9B9-289C-423E-B337-7878E0C0D442,842D2979-7B1D-4EC3-A11B-C5F5CFB7AF08,2,312,00:00.0,04:33.4,04:33.4
BAAD1913-1148-45A3-BA9F-78A8DD0F7502,7130395E-5291-4C61-B833-FB169B4748E6,1,0,00:00.0,45:40.2,45:40.2
3DE523C5-003F-4A2B-BF4A-78DB098CD1E1,C96FEE7C-24BC-4E01-957B-B1FA44C13707,1,0,00:00.0,45:40.2,45:40.2
C30C77F4-5887-413B-82EC-7981716D06B9,ABE6C634-1B1B-4085-B973-0D1FAFB55B2B,1,0,00:00.0,45:40.2,45:40.2
563DA4DB-0509-44B3-B4A8-7BD94C7E3328,FC668B90-24F1-49E9-B571-9C8F7709969A,1,0,00:00.0,45:40.2,45:40.2
84CC7AED-BD74-44A3-99DE-7C2356CB5C1A,981C2DDE-5541-4A28-855D-83759712E01A,1,0,00:00.0,45:40.2,45:40.2
50491AC9-4EBA-47F7-B117-7C2CDD03AF86,4B9573BC-36DF-4C3E-94E0-21E0E272DA5F,1,0,00:00.0,45:40.2,45:40.2
5F18EFB1-032F-4AFB-833D-7C385C1E4A0F,31D206CB-9458-4087-A570-DE7F263316CD,1,0,00:00.0,45:40.2,45:40.2
074F6565-188B-4BF6-B611-7C61A069619A,421CB57D-4D01-4E7D-892B-491186462482,1,0,00:00.0,45:40.2,45:40.2
32B79DA8-8F77-4A05-B2C4-81086DB7EF38,CE504CF8-F8DE-4015-9DDC-B91082C10757,1,0,00:00.0,45:40.2,45:40.2
063F4C34-538B-4CE0-87A2-8154BB72B6F7,92686F2A-526A-4008-99A9-1118A3F10D8B,1,0,00:00.0,45:40.2,45:40.2
DC8EDDA8-E2A1-4FE4-8824-81C52C29044A,E0B4179E-1CB7-4D96-BEDD-C504A375ADD9,2,1261,00:00.0,42:59.0,42:59.0
E90EE06D-E7DE-494F-8362-820BAB3A759E,B03E981C-680D-4073-AAF1-B00B0E6CC3BB,2,0,00:00.0,57:50.6,57:50.6
FFB5AED5-12A4-444C-A873-831C61092564,9A34393C-47ED-4423-9E05-B2DC7D96278F,1,0,00:00.0,45:40.2,45:40.2
B4155F37-3C10-404D-A46A-83A4B6C142A4,AB915ED8-FE16-4CCC-A45B-6C6604E78DD4,2,244,00:00.0,06:20.6,06:20.6
11A3AC72-7C3A-432F-B5CE-83AD4EA5751B,00287C1F-726B-41FA-888F-277C96DC05ED,1,0,00:00.0,45:40.2,45:40.2
017B10D6-F891-4FF4-806E-83AD55B91F84,0C7C4E4E-83D8-465B-A110-1DF2545DAFF3,1,0,00:00.0,45:40.2,45:40.2
BD09AA08-E353-490A-8DC4-83CD7510E52B,72E1D9F1-0304-4952-B3B8-630C12C10658,1,0,00:00.0,45:40.2,45:40.2
88967897-31BF-43B9-BFB9-844C1B6655F3,1B4BD0D1-A377-445C-B1E8-00EFD2B1BF55,1,0,00:00.0,45:40.2,45:40.2
ACB7D621-11E4-4CB1-A4CC-84541760D352,B9A240AF-985B-4AFA-851D-79A106F05AEF,2,2010,00:00.0,22:56.6,22:56.6
235FFA02-5524-4C31-AAB7-85680817A7CB,DC5CFED4-1FF7-444F-9708-6EC2C6358146,1,0,00:00.0,45:40.2,45:40.2
D4335B9D-EF0D-431E-A8E2-8602C56AD78F,D4EF1932-F4F7-4CAF-A97F-996A29A4D2ED,2,829,00:00.0,23:33.3,23:33.3
A21FA798-9557-483A-B44E-886E2B73D9EA,8A9CE070-EA7E-48E4-8CF1-85ADAB336BDF,2,1562,00:00.0,15:26.8,15:26.8
F1ED7882-60BF-48A0-B2B3-89BED599783E,3DC2F219-6A40-41BF-B51D-9CCA67DF74D4,1,0,00:00.0,45:40.2,45:40.2
77325A7D-BDCD-41E5-8290-8AA9379E385D,377E9178-EE55-45AB-88AB-9C6E7BA7624D,1,0,00:00.0,45:40.2,45:40.2
33F89CA9-B967-4E25-B9F0-8B308906308C,289B089C-AB21-495B-B8D0-C617982FCD93,1,0,00:00.0,45:40.2,45:40.2
F55706FB-B1CA-4C19-AF83-8B6B23D53455,1A7B6E6D-CDC1-43BA-81F3-44B18263FD9F,1,0,00:00.0,45:40.2,45:40.2
3AE83123-028E-4A1D-8F03-8B756FBFFB00,2B4F0E75-570B-414B-AC7E-B37EC9122D12,1,0,00:00.0,45:40.2,45:40.2
EFE0CBEF-4FFD-4920-8D36-8C0AC7E65EBB,E647A158-8784-400D-97FC-4E87424E34DB,1,0,00:00.0,45:40.2,45:40.2
09939AF9-3B7E-4B75-8CE1-8C3208541021,B129655C-FD9F-40E4-9993-00F1C1694579,1,0,00:00.0,45:40.2,45:40.2
69AA8FF7-5C25-4C72-877E-8D7926DA6E4B,43DA5E34-D244-4B3F-B8BA-D752B6059828,1,0,00:00.0,45:40.2,45:40.2
2E59715C-FB88-4E80-8231-8DC2D34E49DE,48BF3F34-CC02-4388-8FBD-954D0B62AAF6,2,0,00:00.0,25:16.5,25:16.5
CB0E81EA-46CF-48A5-A416-8E5494B0AFCD,E1DDBD05-C75A-4A4C-AFD3-FA0B99699276,2,761,00:00.0,49:32.8,49:32.8
95DD7CFF-3689-4F29-A460-8ED269621DDF,6D9DC189-CBDB-4194-8F60-4E6C3D5E5D7C,1,0,00:00.0,45:40.2,45:40.2
7E16AD56-4E1B-4626-B857-8F481BC4502D,8794C16C-CC1A-4780-BCB9-30AE6C4D9DE4,1,0,00:00.0,45:40.2,45:40.2
211C97FB-8A0B-4263-8C94-903007E97095,2A675254-4C8C-4670-A59A-9F2F0D62D5B9,1,0,00:00.0,45:40.2,45:40.2
ABBAAFCE-E831-4399-9E39-904807205B7D,B03E981C-680D-4073-AAF1-B00B0E6CC3BB,1,0,00:00.0,45:40.2,45:40.2
85481224-A64E-468B-8D3C-92D6EF3AE047,25889406-B1AD-4707-8441-246863A33A44,1,0,00:00.0,45:40.2,45:40.2
BB3F2C65-C51A-49EA-BD15-92DB25B824D8,3D307954-8DBE-4034-B1B8-F2EB046F38C6,1,0,00:00.0,45:40.2,45:40.2
629AA209-FFC4-45EB-826E-939B00A1CD7B,A45C782C-F435-48DA-89AE-4513604DD302,1,0,00:00.0,45:40.2,45:40.2
943A7A1C-6792-440B-8460-9403B0BBE6A6,779CFB32-44A7-4A40-AECF-07AC502691EC,1,0,00:00.0,45:40.2,45:40.2
7337C2F1-A33C-47DD-9BC9-942270FD60F1,E3E0F511-9991-43F9-B1A8-E3342C1686C1,1,0,00:00.0,45:40.2,45:40.2
0FFCD5B1-EBA4-472E-A295-9468C98F7455,266F56C5-2EE1-44EC-A879-2220685532AE,1,0,00:00.0,45:40.2,45:40.2
F4B4D67F-7199-4A8F-992C-94A9D648E86A,80F06FE1-B5B5-48B8-B916-8B4C619FF8A1,1,0,00:00.0,45:40.2,45:40.2
C48F651D-0031-400E-B327-94CA19FF6ED8,260B58ED-F210-4F22-B1DB-5CE4D036D56E,1,0,00:00.0,45:40.2,45:40.2
8E4DADAA-C73C-4FFA-9254-960DE3A81E6D,CAE08DDE-D6A1-43E0-97BD-B72C1D8A303C,1,0,00:00.0,45:40.2,45:40.2
449EC6AF-CF16-4B58-874F-9656F203BD61,AB915ED8-FE16-4CCC-A45B-6C6604E78DD4,2,244,00:00.0,06:36.0,06:36.0
6A6E7630-F99B-4E05-84B6-96CEA3530CA3,B2B6F1EA-0473-4BEB-BF34-D00EC7BB5040,2,192,00:00.0,27:42.5,27:42.5
7FD26C5B-1BBB-4DF4-AE31-976247E2EAF9,AE05B6B1-E01E-43C7-8541-4CF297808F6F,2,0,00:00.0,00:04.1,00:04.1
537292C8-AB68-48B6-84A6-97C1C4F39F99,B2B6F1EA-0473-4BEB-BF34-D00EC7BB5040,2,192,00:00.0,27:04.1,27:04.1
84830E5C-34BE-40F3-BD22-97C7461F388E,E3D2D7CC-4DE9-43E3-B214-5D33AE633654,1,0,00:00.0,45:40.2,45:40.2
6147222F-AFA2-4E46-8AD4-97C7DCDDE10F,2FEBE5FD-49D2-4566-B8D1-4C557F319F49,1,0,00:00.0,45:40.2,45:40.2
26327049-EFEC-4478-A4A6-9B3144DE4DB7,27609EE2-6638-414B-B0CC-14724029BAE9,1,0,00:00.0,45:40.2,45:40.2
D34F5CAB-D46E-4DD8-B949-9C5A37F6FEBE,CB47A757-E06F-4ADD-84A9-8A6F5FAAB0F0,1,0,00:00.0,45:40.2,45:40.2
241242AB-FC3B-43D7-B720-9C62CCA2BD37,2E0B52AB-BA40-4177-B519-01D8C9AC41F2,1,0,00:00.0,45:40.2,45:40.2
F850CB15-3BB0-45D0-A927-9E09F6933A95,D7208AB9-BF74-4539-84FA-FE7AFB7CD678,1,0,00:00.0,45:40.2,45:40.2
6F8C6FD7-A4F4-4849-A110-9E831A274F2C,4A840EE3-C3DF-4C80-8F1C-D039E84EC07F,1,0,00:00.0,45:40.2,45:40.2
2D7D2E46-8354-41F8-9493-9F2D1C8AED77,B0A7B49E-B344-4D68-AC26-9E6966D5B852,1,0,00:00.0,45:40.2,45:40.2
A6BD00DD-1AE1-442A-9704-9F4D678D8625,D52B63DB-464C-49AD-A5DB-0FDF915EA0FA,1,0,00:00.0,45:40.2,45:40.2
E6D4D72E-95CA-4BE7-BB78-A1B0B670A691,E1DDBD05-C75A-4A4C-AFD3-FA0B99699276,2,761,00:00.0,49:46.2,49:46.2
55941AC0-4458-4EB6-A336-A32982E0374A,3F9419A0-6B8A-4391-AB01-5AE677D8BA97,1,0,00:00.0,45:40.2,45:40.2
51CC4F9F-A197-47F4-8B41-A3549CAF184A,0C9C0C07-391A-487C-9098-99F318F530F6,1,0,00:00.0,45:40.2,45:40.2
3E98E42E-017B-4D56-A98E-A3D3B374261D,1C25260B-2AF1-4D10-81CE-2EDEBD696EE6,1,0,00:00.0,45:40.2,45:40.2
A4EFEA16-7319-4DEC-8FD4-A457500F33A8,AD3DB3B2-93D6-40F5-8FB8-613119DCC002,1,0,00:00.0,45:40.2,45:40.2
06453F0D-4AB4-47DC-8404-A46381ED56BF,596F1F39-3B49-4889-99F5-7584FECAAD22,1,0,00:00.0,45:40.2,45:40.2
8E24A1BE-D3D6-48F5-B9C9-A5D9062FF02E,DBF749E3-D9BD-413F-95E7-78AD4A73431F,1,0,00:00.0,45:40.2,45:40.2
AD68904B-B7C5-444E-90E1-A68D1FB95362,E1DDBD05-C75A-4A4C-AFD3-FA0B99699276,2,761,00:00.0,50:13.8,50:13.8
7D7385D8-4244-41F0-85C3-A726C0023778,2A3EB0CA-013E-47A4-94FB-D007DDBB84A1,2,274,00:00.0,00:42.8,00:42.8
6B67DD09-8C18-44BB-A60F-A764C448C0B9,9A34393C-47ED-4423-9E05-B2DC7D96278F,2,208,00:00.0,53:29.2,53:29.2
8F71D766-1496-4FE2-9D12-A77C4471FB89,368A31EF-6E04-4244-9F87-3EC7B48C151B,1,0,00:00.0,45:40.2,45:40.2
CED52714-A4A1-40AF-8B57-A77DCF516971,61278840-4471-4740-BFCE-94763CA4FE69,1,0,00:00.0,45:40.2,45:40.2
5B0195A9-7CDC-49BF-8DB5-A7D3AC2700DA,EE021E15-E685-4768-B409-97DA2505BC3B,1,0,00:00.0,45:40.2,45:40.2
1941DE25-E67A-4515-BABE-A7F347203B98,6F6BF377-BE8A-4F25-AA22-C23E31F525EA,1,0,00:00.0,45:40.2,45:40.2
69A2406B-2DA4-4741-B1C0-A8205731C899,75DD556C-7CC7-4A05-869A-CEF0A93710B7,1,0,00:00.0,45:40.2,45:40.2
368ECED3-433E-43F5-A099-A84E9EA2EDD8,E617C50F-5CA3-4C04-BE88-71189309FEFA,1,0,00:00.0,45:40.2,45:40.2
4C0070EE-0488-4F52-B298-A9BE1E8070CD,7172E4A7-D727-438E-9C8D-97FC8FD4BFE7,1,0,00:00.0,45:40.2,45:40.2
C5358F8F-402D-4900-B533-A9D1E55EE240,5814FE66-18B5-4B45-89A6-83E168456EB9,1,0,00:00.0,45:40.2,45:40.2
30C3ED89-F9A7-4B27-B5E8-AB5DECBB410B,D60C0921-0DE6-4BC8-8AB1-EE670575273A,1,0,00:00.0,45:40.2,45:40.2
2465C234-2DFF-41C6-A641-ACBC50F7BCF1,37D578C5-206E-4AD6-A7DB-75CBFAF2562A,1,0,00:00.0,45:40.2,45:40.2
215C8DA0-C119-4376-B6F4-AE286C2D5278,B2B6F1EA-0473-4BEB-BF34-D00EC7BB5040,1,0,00:00.0,45:40.2,45:40.2
7C483C74-A412-45C6-BD20-AE94FA1986C0,120E5783-3F01-4825-9F72-11A819477ED1,2,2248,00:00.0,55:47.6,55:47.6
E3E9ADD4-4BBF-40BD-996D-AFD3E5961C66,D7F0D298-DDB1-4379-9488-255314F9A686,1,0,00:00.0,45:40.2,45:40.2
FFC30D9B-0028-42CA-8DCE-B08A7ACBF2B5,0D82C088-94BC-471F-B4CD-0C60914E0756,1,0,00:00.0,45:40.2,45:40.2
D3EBA519-EA5B-4458-B006-B0F71E413500,09F11309-623D-4A0E-96AA-547912321F11,1,0,00:00.0,45:40.2,45:40.2
682F7ED9-5AAB-4BFF-9D97-B3D918515903,D6E8744F-3A0D-4782-8EBD-5677AF694B79,1,0,00:00.0,45:40.2,45:40.2
49327B6E-1DDF-49D3-9D21-B3E76583F7C5,FE503B2A-EB4A-4B44-A06D-600763CBCB66,1,0,00:00.0,45:40.2,45:40.2
5C80A859-8B47-4757-B971-B4386BFE2090,BADA788F-7867-4D9F-B9AA-D7305F2D830B,1,0,00:00.0,45:40.2,45:40.2
EF6B6578-1CE9-49DE-8C84-B4AEF64A89C1,8BE6E2AA-261D-445A-85E7-AF9E0C16879F,1,0,00:00.0,45:40.2,45:40.2
57C10CAC-D8CB-4830-A6B7-B555E290BFF3,6EC51B9E-F048-4B4E-AD6D-8C5794FAFFCD,1,0,00:00.0,45:40.2,45:40.2
2436CA79-C7AD-41CE-9535-B61241DC7793,F1D3E94B-DBDD-4C08-938C-59BEA6B3DFA6,1,0,00:00.0,45:40.2,45:40.2
2F8CFD83-7A49-495C-8D1B-B6166FCCA6BB,E711E232-573E-497D-9565-D23C96F9E8DA,1,0,00:00.0,45:40.2,45:40.2
F70D6E99-A81F-4030-835D-B65359D644FA,213EA6D2-6DD5-42F9-B67D-83CB76384CDC,1,0,00:00.0,45:40.2,45:40.2
2A771131-6DCA-4928-8F33-B65BAEF299AE,53546231-26C2-4A11-A48B-05AA199A04EE,1,0,00:00.0,45:40.2,45:40.2
F297081B-2342-481C-BA29-B719082984D5,76095620-D34B-4BC2-B310-4363D72F1450,1,0,00:00.0,45:40.2,45:40.2
EA8413AB-ECC1-4543-BF2B-B87149A9CC9E,A0B8C11C-6732-4FDC-A018-F3DF359CA7E6,1,0,00:00.0,45:40.2,45:40.2
DD26AC60-40EA-4440-A247-BA61A8116CB0,27FC1288-D45E-46EE-93C1-E3A8EB07F241,2,144,00:00.0,28:39.7,28:39.7
2CC56EB4-FDD0-4623-9B69-BA93E35BA3A5,C027D0ED-C078-4860-A157-BE5BBC06BA90,1,0,00:00.0,45:40.2,45:40.2
DDAD2F52-A12E-481B-B5F2-BB3B30B0C61F,DA6E01BB-2AB1-4A5B-A77A-C915A38A20EF,2,754,00:00.0,57:31.4,57:31.4
10B0287E-5170-4B53-9BD2-BBE32D570327,10BCC6D3-E556-490F-B3D5-428EA7731E45,1,0,00:00.0,45:40.2,45:40.2
48361A50-DD31-40C1-84E6-BC2C77A4D56F,48BF3F34-CC02-4388-8FBD-954D0B62AAF6,2,0,00:00.0,25:06.0,25:06.0
EACE2DD0-7429-41E1-A8C1-BC36A755FAC4,5F6785A1-EEEF-45F9-B103-5D5594024EBA,2,437,00:00.0,50:55.8,50:55.8
3FEB154B-8C85-4DC1-A3D7-BC481993E091,AE05B6B1-E01E-43C7-8541-4CF297808F6F,1,0,00:00.0,45:40.2,45:40.2
A5417075-34F5-4B94-AEA5-BD11FFB338B4,12ACD334-F37A-4D84-8425-0C2E2E59EC36,1,0,00:00.0,45:40.2,45:40.2
90AE1E37-3AE3-4386-A576-BD1F112BE807,56D39DE1-49E4-4A10-8215-AFBE3FB0C32A,1,0,00:00.0,45:40.2,45:40.2
2CC8A4CA-E104-4035-9A3F-BEC3A632D6FC,79A91BFB-C960-45F7-9CB8-02F9F7AAA617,1,0,00:00.0,45:40.2,45:40.2
DEC35362-D6C3-42BE-AD80-BED37FD27168,66186A54-F966-4E93-9BCC-CE053E7E9841,1,0,00:00.0,45:40.2,45:40.2
89ACDE9C-8B4B-4059-B951-BEE4AA0CCA3C,83AEC2EF-E15D-422C-9D05-BDCF5A260215,1,0,00:00.0,45:40.2,45:40.2
E68CD351-D3B3-4C8D-91A8-BF310CD22CCD,DFD5EC2E-AD05-44F6-B242-B7CEAE68466E,1,0,00:00.0,45:40.2,45:40.2
600B7AB5-F3C4-4D04-8BD9-BF56679DFD37,8F7948F1-BF71-4DE2-86E4-D0ACAA010E95,1,0,00:00.0,45:40.2,45:40.2
3E66D8F4-99FE-494E-94FC-BF68B68896D9,00287C1F-726B-41FA-888F-277C96DC05ED,2,1260,00:00.0,41:18.1,41:18.1
CBD16DD5-F8E2-4CB1-909F-C0BEE04AE369,09ECE9E6-6CEA-4109-9D3E-F3BEC251955D,1,0,00:00.0,45:40.2,45:40.2
EE6D7E10-7BC4-49E9-BF16-C0CC7890C8D3,8BB19C30-5FFC-4D1E-9DF1-424E4D466D1D,1,0,00:00.0,45:40.2,45:40.2
55113AD6-B234-4A6D-A6D8-C1F4BD4BC0BC,E6B13AA8-4DB9-41DE-BA50-1D379C6CE4AC,1,0,00:00.0,45:40.2,45:40.2
3523B0DE-1041-4CF7-AAEF-C3664CA04BB9,73031B27-9FB6-44FD-8853-21BD7378EA33,1,0,00:00.0,45:40.2,45:40.2
81D141F9-E536-4926-B70D-C37F7767330E,65227C3C-1124-4F3A-BE36-86E9B20FF81B,1,0,00:00.0,45:40.2,45:40.2
5364F1DE-87A5-455C-872E-C407F3043BEC,2D92059C-19A3-4F36-87C3-286C040C3F03,1,0,00:00.0,45:40.2,45:40.2
F97D8B37-B5C7-4167-9622-C4CB716D3EAC,BFA40CC9-2B9F-4E77-8E78-9D6F4802EA4B,1,0,00:00.0,45:40.2,45:40.2
67F49D11-18C1-4B3F-891E-C5B2FAEC93E4,DA6E01BB-2AB1-4A5B-A77A-C915A38A20EF,2,754,00:00.0,01:16.9,01:16.9
DF237EFD-C5DE-4EB0-9564-C6FC72B3D252,E340413F-FBF1-4D85-82B2-47C1A4D2E7E7,1,0,00:00.0,45:40.2,45:40.2
766C5B60-6FBE-4CE6-BB2B-C73AAF374C87,F8F25EFD-39C6-4450-BACF-BAC7764A840A,1,0,00:00.0,45:40.2,45:40.2
BD882B78-113D-4FA3-8C16-C7F3E11518E0,74254D90-EA9D-474C-A56B-66034A8C1CF3,1,0,00:00.0,45:40.2,45:40.2
97E9E769-7A5A-4962-BBCB-C953CB1E1398,F2C597F3-788E-4159-85CA-41878EF630FD,1,0,00:00.0,45:40.2,45:40.2
F0E7E32F-120B-4B9F-86FC-CA49E1770134,5F6785A1-EEEF-45F9-B103-5D5594024EBA,2,437,00:00.0,50:45.1,50:45.1
A1ED3544-45DE-4E70-8207-CA4EB2BE8149,9EEE7420-AD56-421D-AFC9-259452A270CB,1,0,00:00.0,45:40.2,45:40.2
59417D9C-3CEA-4EEE-827F-CA8E0AF241AE,8A9CE070-EA7E-48E4-8CF1-85ADAB336BDF,2,1562,00:00.0,22:17.2,22:17.2
C2810AE0-9C1F-4CD0-9014-CA8EFC8B8D8D,8506C776-DCBD-4D73-AC26-E1701676D498,1,0,00:00.0,45:40.2,45:40.2
F6FB6460-8FF7-4303-9449-CB20E4F1D5FE,47AA05FA-AAF8-4ECA-84FA-B0DD08071406,1,0,00:00.0,45:40.2,45:40.2
80723519-54C1-4238-9001-CC38A0DE8D77,4AFC1318-D5D5-467A-8F1E-C86AC9B7ECB6,1,0,00:00.0,45:40.2,45:40.2
06682C15-2CEB-4279-B062-CD0508909B52,5FF9AD90-8013-478C-8C43-ABD93E82CADE,1,0,00:00.0,45:40.2,45:40.2
6273FF24-7210-4BF0-B0F1-CD3568945862,1F76BE46-5747-4BB3-ABA1-B70083A18C0B,1,0,00:00.0,45:40.2,45:40.2
728577C1-69F2-4668-B125-CD36E045172A,27FC1288-D45E-46EE-93C1-E3A8EB07F241,2,2229,00:00.0,26:25.1,26:25.1
41ECBDA3-A58D-47C1-BCAE-D09F9A418C08,6240180E-4B9D-4E43-B102-AFA2D964847B,1,0,00:00.0,45:40.2,45:40.2
D8593F28-CD9C-41A6-8D36-D0BAB47AEFEC,E9E34606-F943-4CD8-9A2B-6DD3C72EEBE6,1,0,00:00.0,45:40.2,45:40.2
37B97722-18D4-49CD-A85C-D0D89CFD3C9E,3E7E9B55-95DB-4CFE-A976-CC5708FA3A84,1,0,00:00.0,45:40.2,45:40.2
A8CFE894-5FBE-4FEA-B490-D24E226ECDC2,ABAB8D58-4192-4FC3-926F-DECF2E028A4E,1,0,00:00.0,45:40.2,45:40.2
D8304304-A367-4571-BDC5-D257FD3F374C,E9D72279-12C4-4E3D-B747-B232BA3E5C5D,1,0,00:00.0,45:40.2,45:40.2
A332E87B-A72D-449B-A0E1-D389839EC53D,BD93FA5F-41A5-4873-9EEE-D846EFA581B9,1,0,00:00.0,45:40.2,45:40.2
D4ED92B2-7313-4496-A269-D3C18C428AEF,D6678DB4-D3C2-46D3-BD29-2CF45A24898D,1,0,00:00.0,45:40.2,45:40.2
0AAC6CD4-01D0-4FE4-B76A-D5EDAEB469A2,9D726BD8-DCF0-4716-BD13-FF1CE53F6403,1,0,00:00.0,45:40.2,45:40.2
29676728-F862-40F2-90C2-D6BCCD8719E2,89F76D8F-F18E-4335-A08F-97746DD4835D,1,0,00:00.0,45:40.2,45:40.2
88DD3D9C-74F7-4F82-A150-D6E7F2CBEA4B,FC668B90-24F1-49E9-B571-9C8F7709969A,2,711,00:00.0,10:38.0,10:38.0
598AEE34-4B2E-4229-A474-D7041E5D6BD2,911B04CE-D21E-442C-8EE3-6CA723E9907C,1,0,00:00.0,45:40.2,45:40.2
F8173389-3FAC-40DC-84EA-D80B769D8F21,ABA22019-5F2A-4A91-AD16-8899D46F288E,1,0,00:00.0,45:40.2,45:40.2
5B8FF09E-6FA8-4680-A506-D824FA0D8D65,65ED514E-6421-47A3-8E86-BF4D766E4853,1,0,00:00.0,45:40.2,45:40.2
48CF6469-0212-439A-8D33-D82E576CEB61,10B968E7-303D-40EC-8949-29CDBA95AFF4,1,0,00:00.0,45:40.2,45:40.2
CE67167C-85FD-43E5-82B7-D8DEA33FF4AC,EAE68816-0356-41F3-A806-BC306FF997AF,1,0,00:00.0,45:40.2,45:40.2
73D7D7E5-545F-4547-8542-D95C70D0FD14,7BE79781-F523-42D3-A9AF-9290DF73F6F6,1,0,00:00.0,45:40.2,45:40.2
D9795A3C-4F3E-4D18-8678-D9AD376BA997,7A143B61-8281-4BF4-ABCE-359802BE4332,1,0,00:00.0,45:40.2,45:40.2
5B48D615-61D4-4F37-A574-DA1D94BB1788,A0FFDEE8-CE6D-470A-9726-4340517BF5CE,1,0,00:00.0,45:40.2,45:40.2
9240E239-F0C5-415F-8E13-DAED1EF239F3,042B3C43-238F-4CF4-AA74-1F2644EC85D5,1,0,00:00.0,45:40.2,45:40.2
BC5156CA-E48B-4483-AB0D-DBFF0BE127E5,66F689CB-AA94-4446-9E05-97DB4C011FB3,1,0,00:00.0,45:40.2,45:40.2
25E7C1BF-AB70-4F97-90C3-DC6F15D3AD77,9C592506-ABAF-425A-B45F-8940141BE2BE,1,0,00:00.0,45:40.2,45:40.2
B347994E-3602-4FC8-AAAD-DC843CC309E0,15A0A64C-73B4-40F0-91A0-44238F858F8C,1,0,00:00.0,45:40.2,45:40.2
AAF50780-9DE1-4A68-A4E6-DD5B27DAB32D,798A682B-79F9-42BF-9E88-9FACBA0BF517,1,0,00:00.0,45:40.2,45:40.2
F3F71301-05D3-4973-B0F4-DD7DEB83F531,D5C11795-6627-4B79-9DDC-7D8746CD4FCD,1,0,00:00.0,45:40.2,45:40.2
C96B7359-5488-40B8-BEE2-DDB6848BB8C6,07DE0D84-9481-429E-90AD-AD0703E4FF2D,1,0,00:00.0,45:40.2,45:40.2
8D47A7CE-22CB-40D7-88BC-DE110BCF64B5,8A9CE070-EA7E-48E4-8CF1-85ADAB336BDF,1,0,00:00.0,45:40.2,45:40.2
2985DA13-0AE6-4CC2-BF14-DE922730DF9B,5B1821FF-A4DA-40C7-87B6-DB43B7E1F0D8,1,0,00:00.0,45:40.2,45:40.2
3618FFB8-CADB-46DD-AAFA-DE96A32BDA98,4CAD2666-8D2F-4D62-A554-F2C19496D087,1,0,00:00.0,45:40.2,45:40.2
EE75F684-F621-4F1E-B4AD-DEB3CD133E97,E1DDBD05-C75A-4A4C-AFD3-FA0B99699276,2,761,00:00.0,49:20.1,49:20.1
9DADD281-01E1-430F-9712-DEE547A5FD14,0131BFBC-E537-44DD-9D6D-1555A662380C,1,0,00:00.0,45:40.2,45:40.2
B44D730C-AF83-4742-826D-E0EC1CA0B035,4A840EE3-C3DF-4C80-8F1C-D039E84EC07F,2,551,00:00.0,20:43.6,20:43.6
91F20220-D1C4-4870-955E-E134EC16CA1D,9A34393C-47ED-4423-9E05-B2DC7D96278F,2,208,00:00.0,53:43.3,53:43.3
26D1DE6F-06D0-41CB-8439-E1500AF33E7B,1DE730DF-949D-4CE2-B3F5-786FB4FA5502,1,0,00:00.0,45:40.2,45:40.2
A8658EFD-8529-425A-952E-E37DC53CB04A,D045C75F-7DF2-4542-A4C5-6A90FBFE5226,1,0,00:00.0,45:40.2,45:40.2
816C137B-847C-433D-B1F0-E38B9B322D32,5B5BD73B-6A24-4194-9B27-B65D326299BE,1,0,00:00.0,45:40.2,45:40.2
1EBADBFC-D836-4160-9DE2-E3AFC5DAC654,98A68AA3-B04B-4DAB-89DC-75D55F06874F,1,0,00:00.0,45:40.2,45:40.2
1D0DC699-096F-46F2-A101-E4C3CC43E420,76667F21-0808-4A22-8AD8-97CF10DBFA2D,1,0,00:00.0,45:40.2,45:40.2
40BCEF87-BF2C-4643-9D25-E52E8CFC183C,E60E0733-9F71-41B9-9C14-8B74941E6EDC,1,0,00:00.0,45:40.2,45:40.2
D0BFEDCA-9016-489B-A5D6-E532929E2E8B,7CB0B010-B0E7-4761-8CAD-735C6211A391,1,0,00:00.0,45:40.2,45:40.2
F1745AD0-F2DA-4DCB-B712-E5C2FC01CB7F,1980E884-920A-4984-9CB8-25AF91C7FD14,1,0,00:00.0,45:40.2,45:40.2
AC7D4575-17DE-4924-8D69-E5C6459DA566,B09D32CD-2A1B-4A63-AC9A-FEFC5F33B332,1,0,00:00.0,45:40.2,45:40.2
336162F5-8512-4211-8AFD-E5CEE92BF465,B985C903-968D-40A1-A587-0E622116225E,1,0,00:00.0,45:40.2,45:40.2
09863556-D7B7-4150-B9C3-E88DF91635DD,3614E850-6B22-4DBC-BBDC-198CECEDF1F5,1,0,00:00.0,45:40.2,45:40.2
FEA70E76-B8DC-4C77-A1A3-E8EB75F40510,DA6E01BB-2AB1-4A5B-A77A-C915A38A20EF,1,0,00:00.0,45:40.2,45:40.2
0E675D6D-5802-4BA1-BBFA-E904272DE980,CA507A39-DE1D-47EF-BF0D-D77F68711482,1,0,00:00.0,45:40.2,45:40.2
226EEA8F-E3C1-40D4-846B-E92BEE8F247E,DEED19BC-98FC-4E78-90F5-DC6903731296,1,0,00:00.0,45:40.2,45:40.2
65E0493B-B792-4532-8FDF-EA57CFADA5CB,5F6785A1-EEEF-45F9-B103-5D5594024EBA,2,437,00:00.0,50:31.9,50:31.9
3A5755EC-8251-4E80-8DC3-EB39B3C14E29,53C76767-669C-4B5F-A20B-54D613A24E24,1,0,00:00.0,45:40.2,45:40.2
13DE46A8-E327-4289-A2E6-ED27DDFF0893,5DF448BD-B9A4-43CC-8528-FD681A4C7BC5,1,0,00:00.0,45:40.2,45:40.2
2DB62E22-C23C-4C5B-B085-ED539DDFA44D,FC668B90-24F1-49E9-B571-9C8F7709969A,2,711,00:00.0,10:40.9,10:40.9
39B62E05-42EA-401C-B602-EDB369A69057,95C53034-F347-4906-8EFA-64834BA8A1A4,1,0,00:00.0,45:40.2,45:40.2
4CA73029-A76D-447D-8445-EE0CE5489FC9,1DCBC80A-5909-49D1-B8A7-767D73FAFA8C,1,0,00:00.0,45:40.2,45:40.2
93130B3E-1705-43DE-A745-EE92EB2EF670,6299814E-03DE-4066-9CDD-321C25CD139C,1,0,00:00.0,45:40.2,45:40.2
D01004D7-BBE2-4B8E-A31F-EE950986F093,AD24823D-3985-4834-BDA9-C4FEA1C7B984,1,0,00:00.0,45:40.2,45:40.2
B0845B9C-E4F1-43D6-A4C5-EE98AA77DB8B,88A4E8D4-9D3A-4D1D-AFF4-3DF9C8895505,1,0,00:00.0,45:40.2,45:40.2
D38CC90E-72A1-4D2E-9D22-EEBA22C3A290,1090DDB6-F7A0-4049-8FFE-16DF011639AC,1,0,00:00.0,45:40.2,45:40.2
0992CC3C-1B47-46F4-B7CB-EEE8FC397545,8EC0AFA0-7570-428B-8340-413655EF9110,1,0,00:00.0,45:40.2,45:40.2
AAE99144-93DE-4FD1-8064-EF5D6D6B2017,80BDCAD6-EF88-4770-AB96-ADA546668DBA,1,0,00:00.0,45:40.2,45:40.2
9D912D18-BFF9-415F-92DF-F01FE8D4586C,27FC1288-D45E-46EE-93C1-E3A8EB07F241,2,144,00:00.0,28:04.5,28:04.5
A9F6D47A-B6EA-47BC-A142-F0E9EFABF751,D099F92E-FD9B-4254-8DF9-39035CE8AD8F,1,0,00:00.0,45:40.2,45:40.2
FC730F3E-C97D-4544-BE28-F0F64615439C,27FC1288-D45E-46EE-93C1-E3A8EB07F241,2,1995,00:00.0,48:45.7,48:45.7
46123747-2009-4084-B37D-F1472FF4BE14,5B3FEF7E-465B-4C7A-9A9F-CA7411689827,1,0,00:00.0,45:40.2,45:40.2
361CCC6D-4224-4D48-805F-F21699DA8CA6,F4D05252-2C75-498F-AA66-DBDE9B3F064F,1,0,00:00.0,45:40.2,45:40.2
2EAE7182-ED9C-43C0-9F34-F28DB0217BF0,EC8814AE-DB00-4D81-8CBC-1880CF41CC4F,1,0,00:00.0,45:40.2,45:40.2
1ED5A525-3BE0-4A3C-9A74-F2A5D83372E3,D0200CC2-0D40-42DD-9DA7-C181318BBCDB,1,0,00:00.0,45:40.2,45:40.2
54EE468B-9A10-4E81-95F8-F3670E63584A,F8CB8F95-619D-49F1-8820-D18A69F1852F,1,0,00:00.0,45:40.2,45:40.2
845ACAB5-113D-42FC-A59F-F4C27B9FC05B,80FCF1FF-F6E5-4780-A69B-56A154C62C06,1,0,00:00.0,45:40.2,45:40.2
CA4A9A88-AE22-4069-8B8A-F5E8B455DC9A,36428FE6-9D4F-4BF9-9A68-7222861D57BA,1,0,00:00.0,45:40.2,45:40.2
41D41E46-7398-4EDE-8205-F5F8F6619956,2EC1FBC9-46B8-4B88-BA6C-9A878D4DBA56,1,0,00:00.0,45:40.2,45:40.2
36EB8623-043B-42B4-87AD-F66459F794BB,73FE8C85-1B3A-4447-AFFC-464388CDFB40,1,0,00:00.0,45:40.2,45:40.2
A0B7B5E6-1B02-4028-AE57-F726E6F85471,D9BB62A3-65C3-4E35-B889-895EC91DC1DF,1,0,00:00.0,45:40.2,45:40.2
558E0F9B-572A-4C71-BF93-F7FE1681EB13,EA83D0E4-DF62-4BFC-807C-CB3DA4D1066F,1,0,00:00.0,45:40.2,45:40.2
90352789-4928-4F1C-9C34-F80D21B23423,BA3EF417-D8E7-4138-8D22-A675691B0C76,2,523,00:00.0,24:56.0,24:56.0
16570A9D-C939-4051-B53A-F831DAE01094,26CE6F37-3833-4770-8200-AB9628737E15,1,0,00:00.0,45:40.2,45:40.2
FB6C5336-4AFC-4946-BE86-FA1A3AA7D1C4,57F75C20-A909-4DF0-B345-1D4881A56D32,1,0,00:00.0,45:40.2,45:40.2
72C0FA50-B40E-43C0-A18E-FD0A4DB00162,5D3592E8-F6EC-436A-9A73-1F9C915C5C05,1,0,00:00.0,45:40.2,45:40.2
0ADE922E-6299-4FBE-BE68-FD24CAE8A4BE,BC4BB8B4-1EFD-4268-8070-FB79F7390150,1,0,00:00.0,45:40.2,45:40.2
8A9AD933-A2D6-4FB8-A641-FD6CBE033400,2A3EB0CA-013E-47A4-94FB-D007DDBB84A1,2,274,00:00.0,00:22.7,00:22.7
9A30A761-87F8-4086-BDA5-FF290FCBD02F,E3B98A99-7283-40A1-B93E-D95E114D5AAA,1,0,00:00.0,45:40.2,45:40.2
